<?xml version="1.0" encoding="UTF-8" standalone="yes"?>
<?mso-application progid="Word.Document"?>
<w:wordDocument xmlns:w="http://schemas.microsoft.com/office/word/2003/wordml" xmlns:v="urn:schemas-microsoft-com:vml" xmlns:w10="urn:schemas-microsoft-com:office:word" xmlns:sl="http://schemas.microsoft.com/schemaLibrary/2003/core" xmlns:aml="http://schemas.microsoft.com/aml/2001/core" xmlns:wx="http://schemas.microsoft.com/office/word/2003/auxHint" xmlns:o="urn:schemas-microsoft-com:office:office" xmlns:dt="uuid:C2F41010-65B3-11d1-A29F-00AA00C14882" xmlns:ns0="SmartBarcode" xmlns:st1="urn:schemas-microsoft-com:office:smarttags" w:macrosPresent="no" w:embeddedObjPresent="no" w:ocxPresent="no" xml:space="preserve">
    <o:SmartTagType o:namespaceuri="urn:schemas-microsoft-com:office:smarttags" o:name="country-region"/><o:SmartTagType o:namespaceuri="urn:schemas-microsoft-com:office:smarttags" o:name="place"/><o:SmartTagType o:namespaceuri="urn:schemas-microsoft-com:office:smarttags" o:name="City"/><o:DocumentProperties><o:Author>Rodimjuk</o:Author><o:LastAuthor>Volodymyr Rodymyuk</o:LastAuthor><o:Revision>4</o:Revision><o:TotalTime>16</o:TotalTime><o:Created>2006-03-20T15:59:00Z</o:Created><o:LastSaved>2006-03-23T13:00:00Z</o:LastSaved><o:Pages>1</o:Pages><o:Words>592</o:Words><o:Characters>339</o:Characters><o:Company>Ukrinvent</o:Company><o:Lines>2</o:Lines><o:Paragraphs>1</o:Paragraphs><o:CharactersWithSpaces>930</o:CharactersWithSpaces><o:Version>11.5604</o:Version></o:DocumentProperties>
    <w:fonts>
        <w:defaultFonts w:ascii="Times New Roman" w:fareast="Times New Roman" w:h-ansi="Times New Roman" w:cs="Times New Roman"/></w:fonts>
    <w:lists>
        <w:listDef w:listDefId="0"><w:lsid w:val="69F40D8E"/><w:plt w:val="HybridMultilevel"/><w:tmpl w:val="9A2065A0"/><w:lvl w:ilvl="0" w:tplc="0422000F"><w:start w:val="1"/><w:lvlText w:val="%1."/><w:lvlJc w:val="left"/><w:pPr><w:tabs><w:tab w:val="list" w:pos="720"/></w:tabs><w:ind w:left="720" w:hanging="360"/></w:pPr></w:lvl><w:lvl w:ilvl="1" w:tplc="04220019" w:tentative="on"><w:start w:val="1"/><w:nfc w:val="4"/><w:lvlText w:val="%2."/><w:lvlJc w:val="left"/><w:pPr><w:tabs><w:tab w:val="list" w:pos="1440"/></w:tabs><w:ind w:left="1440" w:hanging="360"/></w:pPr></w:lvl><w:lvl w:ilvl="2" w:tplc="0422001B" w:tentative="on"><w:start w:val="1"/><w:nfc w:val="2"/><w:lvlText w:val="%3."/><w:lvlJc w:val="right"/><w:pPr><w:tabs><w:tab w:val="list" w:pos="2160"/></w:tabs><w:ind w:left="2160" w:hanging="180"/></w:pPr></w:lvl><w:lvl w:ilvl="3" w:tplc="0422000F" w:tentative="on"><w:start w:val="1"/><w:lvlText w:val="%4."/><w:lvlJc w:val="left"/><w:pPr><w:tabs><w:tab w:val="list" w:pos="2880"/></w:tabs><w:ind w:left="2880" w:hanging="360"/></w:pPr></w:lvl><w:lvl w:ilvl="4" w:tplc="04220019" w:tentative="on"><w:start w:val="1"/><w:nfc w:val="4"/><w:lvlText w:val="%5."/><w:lvlJc w:val="left"/><w:pPr><w:tabs><w:tab w:val="list" w:pos="3600"/></w:tabs><w:ind w:left="3600" w:hanging="360"/></w:pPr></w:lvl><w:lvl w:ilvl="5" w:tplc="0422001B" w:tentative="on"><w:start w:val="1"/><w:nfc w:val="2"/><w:lvlText w:val="%6."/><w:lvlJc w:val="right"/><w:pPr><w:tabs><w:tab w:val="list" w:pos="4320"/></w:tabs><w:ind w:left="4320" w:hanging="180"/></w:pPr></w:lvl><w:lvl w:ilvl="6" w:tplc="0422000F" w:tentative="on"><w:start w:val="1"/><w:lvlText w:val="%7."/><w:lvlJc w:val="left"/><w:pPr><w:tabs><w:tab w:val="list" w:pos="5040"/></w:tabs><w:ind w:left="5040" w:hanging="360"/></w:pPr></w:lvl><w:lvl w:ilvl="7" w:tplc="04220019" w:tentative="on"><w:start w:val="1"/><w:nfc w:val="4"/><w:lvlText w:val="%8."/><w:lvlJc w:val="left"/><w:pPr><w:tabs><w:tab w:val="list" w:pos="5760"/></w:tabs><w:ind w:left="5760" w:hanging="360"/></w:pPr></w:lvl><w:lvl w:ilvl="8" w:tplc="0422001B" w:tentative="on"><w:start w:val="1"/><w:nfc w:val="2"/><w:lvlText w:val="%9."/><w:lvlJc w:val="right"/><w:pPr><w:tabs><w:tab w:val="list" w:pos="6480"/></w:tabs><w:ind w:left="6480" w:hanging="180"/></w:pPr></w:lvl></w:listDef><w:list w:ilfo="1"><w:ilst w:val="0"/></w:list>
    </w:lists>
    <w:styles>
        <w:versionOfBuiltInStylenames w:val="4"/><w:latentStyles w:defLockedState="off" w:latentStyleCount="156"/><w:style w:type="paragraph" w:default="on" w:styleId="Normal"><w:name w:val="Normal"/><w:rsid w:val="00E74742"/><w:rPr><wx:font wx:val="Times New Roman"/><w:sz w:val="24"/><w:sz-cs w:val="24"/><w:lang w:val="UK" w:fareast="UK" w:bidi="AR-SA"/></w:rPr></w:style><w:style w:type="paragraph" w:styleId="Heading1"><w:name w:val="heading 1"/><wx:uiName wx:val="Heading 1"/><w:basedOn w:val="Normal"/><w:next w:val="Normal"/><w:rsid w:val="00E74742"/><w:pPr><w:pStyle w:val="Heading1"/><w:keepNext/><w:spacing w:before="240" w:after="60"/><w:outlineLvl w:val="0"/></w:pPr><w:rPr><w:rFonts w:ascii="Arial" w:h-ansi="Arial" w:cs="Arial"/><wx:font wx:val="Arial"/><w:b/><w:b-cs/><w:kern w:val="32"/><w:sz w:val="32"/><w:sz-cs w:val="32"/></w:rPr></w:style><w:style w:type="paragraph" w:styleId="Heading3"><w:name w:val="heading 3"/><wx:uiName wx:val="Heading 3"/><w:basedOn w:val="Normal"/><w:next w:val="Normal"/><w:rsid w:val="00E74742"/><w:pPr><w:pStyle w:val="Heading3"/><w:keepNext/><w:spacing w:before="240" w:after="60"/><w:outlineLvl w:val="2"/></w:pPr><w:rPr><w:rFonts w:ascii="Arial" w:h-ansi="Arial" w:cs="Arial"/><wx:font wx:val="Arial"/><w:b/><w:b-cs/><w:sz w:val="26"/><w:sz-cs w:val="26"/></w:rPr></w:style><w:style w:type="character" w:default="on" w:styleId="DefaultParagraphFont"><w:name w:val="Default Paragraph Font"/><w:semiHidden/></w:style><w:style w:type="table" w:default="on" w:styleId="TableNormal"><w:name w:val="Normal Table"/><wx:uiName wx:val="Table Normal"/><w:semiHidden/><w:rPr><wx:font wx:val="Times New Roman"/></w:rPr><w:tblPr><w:tblInd w:w="0" w:type="dxa"/><w:tblCellMar><w:top w:w="0" w:type="dxa"/><w:left w:w="108" w:type="dxa"/><w:bottom w:w="0" w:type="dxa"/><w:right w:w="108" w:type="dxa"/></w:tblCellMar></w:tblPr></w:style><w:style w:type="list" w:default="on" w:styleId="NoList"><w:name w:val="No List"/><w:semiHidden/></w:style><w:style w:type="table" w:styleId="TableGrid"><w:name w:val="Table Grid"/><w:basedOn w:val="TableNormal"/><w:rsid w:val="00E74742"/><w:rPr><wx:font wx:val="Times New Roman"/></w:rPr><w:tblPr><w:tblInd w:w="0" w:type="dxa"/><w:tblBorders><w:top w:val="single" w:sz="4" wx:bdrwidth="10" w:space="0" w:color="auto"/><w:left w:val="single" w:sz="4" wx:bdrwidth="10" w:space="0" w:color="auto"/><w:bottom w:val="single" w:sz="4" wx:bdrwidth="10" w:space="0" w:color="auto"/><w:right w:val="single" w:sz="4" wx:bdrwidth="10" w:space="0" w:color="auto"/><w:insideH w:val="single" w:sz="4" wx:bdrwidth="10" w:space="0" w:color="auto"/><w:insideV w:val="single" w:sz="4" wx:bdrwidth="10" w:space="0" w:color="auto"/></w:tblBorders><w:tblCellMar><w:top w:w="0" w:type="dxa"/><w:left w:w="108" w:type="dxa"/><w:bottom w:w="0" w:type="dxa"/><w:right w:w="108" w:type="dxa"/></w:tblCellMar></w:tblPr></w:style>
    </w:styles>
    <w:shapeDefaults><o:shapedefaults v:ext="edit" spidmax="4098"/><o:shapelayout v:ext="edit"><o:idmap v:ext="edit" data="1"/></o:shapelayout></w:shapeDefaults>
    <w:docPr>
        <w:view w:val="print"/><w:zoom w:percent="100"/><w:doNotEmbedSystemFonts/><w:attachedTemplate w:val=""/><w:defaultTabStop w:val="708"/><w:hyphenationZone w:val="425"/><w:punctuationKerning/><w:characterSpacingControl w:val="DontCompress"/><w:optimizeForBrowser/><w:validateAgainstSchema/><w:saveInvalidXML w:val="off"/><w:ignoreMixedContent w:val="off"/><w:alwaysShowPlaceholderText w:val="off"/><w:compat><w:breakWrappedTables/><w:snapToGridInCell/><w:wrapTextWithPunct/><w:useAsianBreakRules/><w:dontGrowAutofit/></w:compat>
    </w:docPr>
    <w:body>
        <wx:sect>
            <wx:sub-section>
                <w:p><w:pPr><w:pStyle w:val="Heading1"/><w:rPr><w:lang w:val="EN-US"/></w:rPr></w:pPr><w:r><w:rPr><w:lang w:val="EN-US"/></w:rPr><w:t>Barcode smart-tags test</w:t></w:r></w:p>
                <wx:sub-section>
                    <wx:sub-section>
                        <w:p><w:pPr><w:pStyle w:val="Heading3"/><w:rPr><w:lang w:val="EN-US"/></w:rPr></w:pPr><w:r><w:rPr><w:lang w:val="EN-US"/></w:rPr><w:t>Barcodes placed in the table</w:t></w:r>
                        </w:p>
                        <w:tbl>
                            <w:tblPr><w:tblStyle w:val="TableGrid"/><w:tblW w:w="0" w:type="auto"/>
                                <w:tblBorders>
                                    <w:top w:val="none" w:sz="0" wx:bdrwidth="0" w:space="0" w:color="auto"/>
                                    <w:left w:val="none" w:sz="0" wx:bdrwidth="0" w:space="0" w:color="auto"/>
                                    <w:bottom w:val="none" w:sz="0" wx:bdrwidth="0" w:space="0" w:color="auto"/>
                                    <w:right w:val="none" w:sz="0" wx:bdrwidth="0" w:space="0" w:color="auto"/>
                                    <w:insideH w:val="none" w:sz="0" wx:bdrwidth="0" w:space="0" w:color="auto"/>
                                    <w:insideV w:val="none" w:sz="0" wx:bdrwidth="0" w:space="0" w:color="auto"/>
                                </w:tblBorders>
                                <w:tblLayout w:type="Fixed"/>
                                <w:tblCellMar><w:top w:w="113" w:type="dxa"/><w:bottom w:w="113" w:type="dxa"/></w:tblCellMar><w:tblLook w:val="01E0"/></w:tblPr>
                            <w:tblGrid><w:gridCol w:w="5855"/><w:gridCol w:w="4000"/></w:tblGrid>
                            <w:tr>
                                <w:tc><w:tcPr><w:tcW w:w="5855" w:type="dxa"/></w:tcPr><w:p><w:pPr><w:rPr><w:lang w:val="EN-US"/></w:rPr></w:pPr>
                                    <ns0:barcode type="Interleaved2of5" module="0.33mm" height="15mm" wide-to-narrow="2.4" w:placeholder="12345670">12345670</ns0:barcode></w:p></w:tc>
                                <w:tc><w:tcPr><w:tcW w:w="4000" w:type="dxa"/></w:tcPr>
                                    <w:p><w:pPr><w:rPr><w:lang w:val="EN-US"/></w:rPr></w:pPr><w:r><w:rPr><w:lang w:val="EN-US"/></w:rPr><w:t>12345670</w:t></w:r></w:p><w:p><w:r><w:rPr><w:lang w:val="EN-US"/></w:rPr>
                                        <w:t>Test barcode with value 12345670 (Interleaved 2 of 5)</w:t></w:r></w:p></w:tc>
                            </w:tr>
                            <w:tr>
                                <w:tc><w:tcPr><w:tcW w:w="5855" w:type="dxa"/></w:tcPr><w:p><w:pPr><w:rPr><w:lang w:val="EN-US"/></w:rPr></w:pPr>
                                    <ns0:barcode type="Code39" module="0.35mm" wide-to-narrow="2.4" w:placeholder="US006,971,062B1">US006,971,062B1</ns0:barcode></w:p></w:tc><w:tc><w:tcPr><w:tcW w:w="4000" w:type="dxa"/></w:tcPr><w:p><w:pPr><w:rPr><w:lang w:val="EN-US"/></w:rPr></w:pPr><w:r><w:rPr><w:lang w:val="EN-US"/></w:rPr><w:t>US006,971,062B1</w:t></w:r></w:p><w:p><w:r><w:rPr><w:lang w:val="EN-US"/></w:rPr><w:t>US Patent number “US 6,971,062 B1” (Code  3 of 9)</w:t></w:r></w:p></w:tc>
                            </w:tr>
                            <w:tr>
                                <w:tc><w:tcPr><w:tcW w:w="5855" w:type="dxa"/></w:tcPr><w:p><w:pPr><w:rPr><w:lang w:val="EN-US"/></w:rPr></w:pPr>
                                    <ns0:barcode type="Codabar" start="C" stop="D" module="0.254mm" w:placeholder="0123-4567-8901-2345-4826">0123-4567-8901-2345-4826</ns0:barcode></w:p></w:tc>
                                <w:tc><w:tcPr><w:tcW w:w="3000" w:type="dxa"/></w:tcPr>
                                    <w:p><w:pPr><w:rPr><w:lang w:val="EN-US"/></w:rPr></w:pPr>
                                        <w:r><w:rPr><w:lang w:val="EN-US"/></w:rPr>
                                            <w:t>0123-4567-8901-2345-4826</w:t></w:r>
                                    </w:p>
                                    <w:p><w:r><w:rPr><w:lang w:val="EN-US"/></w:rPr><w:t>FedEx bill barcode “0123-4567-8901-2345-4826” (Codabar)</w:t></w:r></w:p></w:tc>
                            </w:tr>
                            <w:tr>
                                <w:tc><w:tcPr><w:tcW w:w="5855" w:type="dxa"/></w:tcPr><w:p><w:pPr><w:rPr><w:lang w:val="EN-US"/></w:rPr></w:pPr>
                                    <ns0:barcode type="Code128" subset="A" module="0.254mm" w:placeholder="1PBK500EI">1PBK500EI</ns0:barcode></w:p></w:tc><w:tc><w:tcPr><w:tcW w:w="4000" w:type="dxa"/></w:tcPr><w:p><w:pPr><w:rPr><w:lang w:val="EN-US"/></w:rPr></w:pPr><w:r><w:rPr><w:lang w:val="EN-US"/></w:rPr><w:t>1PBK500EI</w:t></w:r></w:p><w:p><w:r><w:rPr><w:lang w:val="EN-US"/></w:rPr><w:t>Barcode (Code128) representing Supplier Part Number 'BK500EI' found on APC UPS unit.</w:t></w:r></w:p></w:tc>
                            </w:tr>
                            <w:tr>
                                <w:tc><w:tcPr><w:tcW w:w="5855" w:type="dxa"/></w:tcPr><w:p><w:pPr><w:rPr><w:lang w:val="EN-US"/></w:rPr></w:pPr>
                                    <ns0:barcode type="4stateAU" FCC="11" DPID="39549554" CI="" CIencoding="" w:placeholder="11-39549554">11-39549554</ns0:barcode></w:p></w:tc><w:tc><w:tcPr><w:tcW w:w="4000" w:type="dxa"/></w:tcPr><w:p><w:pPr><w:rPr><w:lang w:val="EN-US"/></w:rPr></w:pPr><w:r><w:rPr><w:lang w:val="EN-US"/></w:rPr><w:t>11-39549554</w:t></w:r></w:p><w:p><w:r><w:rPr><w:lang w:val="EN-US"/></w:rPr>
                                        <w:t>"Standard Customer Barcode". The whole barcode (4-state AU) is 37 bars long and contains no customer information.(This barcode is used as an example in the "Guide to Printing the 4-State Barcode").</w:t></w:r></w:p></w:tc>
                            </w:tr>
                        </w:tbl>
                        <w:p><w:pPr><w:rPr><w:lang w:val="EN-US"/></w:rPr></w:pPr></w:p>
                        <w:tbl>
                            <w:tblPr><w:tblStyle w:val="TableGrid"/><w:tblW w:w="0" w:type="auto"/>
                                <w:tblBorders>
                                    <w:top w:val="none" w:sz="0" wx:bdrwidth="0" w:space="0" w:color="auto"/>
                                    <w:left w:val="none" w:sz="0" wx:bdrwidth="0" w:space="0" w:color="auto"/>
                                    <w:bottom w:val="none" w:sz="0" wx:bdrwidth="0" w:space="0" w:color="auto"/>
                                    <w:right w:val="none" w:sz="0" wx:bdrwidth="0" w:space="0" w:color="auto"/>
                                    <w:insideH w:val="none" w:sz="0" wx:bdrwidth="0" w:space="0" w:color="auto"/>
                                    <w:insideV w:val="none" w:sz="0" wx:bdrwidth="0" w:space="0" w:color="auto"/>
                                </w:tblBorders>
                                <w:tblLayout w:type="Fixed"/>
                                <w:tblCellMar><w:top w:w="113" w:type="dxa"/><w:bottom w:w="113" w:type="dxa"/></w:tblCellMar><w:tblLook w:val="01E0"/></w:tblPr>
                            <w:tblGrid><w:gridCol w:w="4927"/><w:gridCol w:w="4928"/></w:tblGrid>
                            <w:tr>
                                <w:tc><w:tcPr><w:tcW w:w="4927" w:type="dxa"/></w:tcPr><w:p><w:pPr><w:rPr><w:lang w:val="EN-US"/></w:rPr></w:pPr>
                                    <ns0:barcode type="EAN-13" w:placeholder="978 0-444-50515">978 0-444-50515</ns0:barcode></w:p></w:tc>
                                <w:tc><w:tcPr><w:tcW w:w="4928" w:type="dxa"/></w:tcPr><w:p><w:pPr><w:rPr><w:lang w:val="EN-US"/></w:rPr></w:pPr><w:r><w:t>978 0-444-50515</w:t></w:r></w:p><w:p><w:pPr><w:rPr><w:lang w:val="EN-US"/></w:rPr></w:pPr><w:r><w:rPr><w:lang w:val="EN-US"/></w:rPr><w:t>Proceedings of the WWW9 Conference, </w:t></w:r><st1:place w:st="on"><st1:City w:st="on"><w:r><w:rPr><w:lang w:val="EN-US"/></w:rPr><w:t>Amsterdam</w:t></w:r></st1:City></st1:place><w:r><w:rPr><w:lang w:val="EN-US"/></w:rPr><w:t> (EAN 13)</w:t></w:r></w:p></w:tc>
                            </w:tr>
                            <w:tr>
                                <w:tc><w:tcPr><w:tcW w:w="4927" w:type="dxa"/></w:tcPr><w:p><w:pPr><w:rPr><w:lang w:val="EN-US"/></w:rPr></w:pPr>
                                    <ns0:barcode type="EAN-13" w:placeholder="4 605664 00005">4 605664 00005</ns0:barcode></w:p></w:tc><w:tc><w:tcPr><w:tcW w:w="4928" w:type="dxa"/></w:tcPr><w:p><w:pPr><w:rPr><w:lang w:val="EN-US"/></w:rPr></w:pPr><w:r><w:rPr><w:lang w:val="EN-US"/></w:rPr><w:t>4 605664 00005</w:t></w:r></w:p><w:p><w:pPr><w:rPr><w:lang w:val="EN-US"/></w:rPr></w:pPr><w:r><w:rPr><w:lang w:val="EN-US"/></w:rPr><w:t>German beer Holsten, brewed in </w:t></w:r><st1:place w:st="on"><st1:City w:st="on"><w:r><w:rPr><w:lang w:val="EN-US"/></w:rPr><w:t>Kaluga</w:t></w:r></st1:City><w:r><w:rPr><w:lang w:val="EN-US"/></w:rPr><w:t>, </w:t></w:r><st1:country-region w:st="on"><w:r><w:rPr><w:lang w:val="EN-US"/></w:rPr><w:t>Russia</w:t></w:r></st1:country-region></st1:place><w:r><w:rPr><w:lang w:val="EN-US"/></w:rPr><w:t> (EAN 13)</w:t></w:r></w:p></w:tc>
                            </w:tr>
                            <w:tr><w:tc><w:tcPr><w:tcW w:w="4927" w:type="dxa"/></w:tcPr><w:p><w:pPr><w:rPr><w:lang w:val="EN-US"/></w:rPr></w:pPr>
                                <ns0:barcode type="EAN-13" w:placeholder="3 014260 11553">3 014260 11553</ns0:barcode></w:p></w:tc><w:tc><w:tcPr><w:tcW w:w="4928" w:type="dxa"/></w:tcPr><w:p><w:r><w:rPr><w:lang w:val="EN-US"/></w:rPr><w:t>3 014260 11553</w:t></w:r></w:p><w:p><w:pPr><w:rPr><w:lang w:val="EN-US"/></w:rPr></w:pPr><w:r><w:rPr><w:lang w:val="EN-US"/></w:rPr><w:t>Gillette shaving foam (EAN 13)</w:t></w:r></w:p></w:tc>
                            </w:tr>
                            <w:tr><w:tc><w:tcPr><w:tcW w:w="4927" w:type="dxa"/></w:tcPr><w:p><w:pPr><w:rPr><w:lang w:val="EN-US"/></w:rPr></w:pPr>
                                <ns0:barcode type="EAN-13" w:placeholder="8 020187 30001">8 020187 30001</ns0:barcode></w:p></w:tc><w:tc><w:tcPr><w:tcW w:w="4928" w:type="dxa"/></w:tcPr><w:p><w:pPr><w:rPr><w:lang w:val="EN-US"/></w:rPr></w:pPr><w:r><w:rPr><w:lang w:val="EN-US"/></w:rPr><w:t>8 020187 30001</w:t></w:r></w:p><w:p><w:pPr><w:rPr><w:lang w:val="EN-US"/></w:rPr></w:pPr><w:r><w:rPr><w:lang w:val="EN-US"/></w:rPr><w:t>My son’s roller skates (EAN 13)</w:t></w:r></w:p></w:tc>
                            </w:tr>
                            <w:tr>
                                <w:tc><w:tcPr><w:tcW w:w="4927" w:type="dxa"/></w:tcPr><w:p><w:pPr><w:rPr><w:lang w:val="EN-US"/></w:rPr></w:pPr>
                                    <ns0:barcode type="EAN-13" w:placeholder="8 076809 51345">8 076809 51345</ns0:barcode></w:p></w:tc><w:tc><w:tcPr><w:tcW w:w="4928" w:type="dxa"/></w:tcPr><w:p><w:pPr><w:rPr><w:lang w:val="EN-US"/></w:rPr></w:pPr><w:r><w:rPr><w:lang w:val="EN-US"/></w:rPr><w:t>8 076809 51345</w:t></w:r></w:p><w:p><w:pPr><w:rPr><w:lang w:val="EN-US"/></w:rPr></w:pPr><w:r><w:rPr><w:lang w:val="EN-US"/></w:rPr><w:t>Italian spaghetti sauce. Barilla al basilico (EAN 13)</w:t></w:r></w:p></w:tc>
                            </w:tr>
                            <w:tr>
                                <w:tc><w:tcPr><w:tcW w:w="4927" w:type="dxa"/></w:tcPr><w:p><w:pPr><w:rPr><w:lang w:val="EN-US"/></w:rPr></w:pPr>
                                    <ns0:barcode type="EAN-13" module="0.2mm" height="10mm" w:placeholder="3 155250 00138">3 155250 00138</ns0:barcode></w:p></w:tc><w:tc><w:tcPr><w:tcW w:w="4928" w:type="dxa"/></w:tcPr><w:p><w:pPr><w:rPr><w:lang w:val="EN-US"/></w:rPr></w:pPr><w:r><w:rPr><w:lang w:val="EN-US"/></w:rPr><w:t>3 155250 00138</w:t></w:r></w:p><w:p><w:pPr><w:autoSpaceDE w:val="off"/><w:autoSpaceDN w:val="off"/><w:adjustRightInd w:val="off"/><w:rPr><w:sz w:val="20"/><w:sz-cs w:val="20"/></w:rPr></w:pPr><w:r><w:rPr><w:lang w:val="EN-US"/></w:rPr><w:t>French whipped cream (ah, </w:t></w:r><w:r><w:t>c’est délicieux</w:t></w:r><w:r><w:rPr><w:sz w:val="20"/><w:sz-cs w:val="20"/><w:lang w:val="EN-US"/></w:rPr><w:t> </w:t></w:r><w:r><w:rPr><w:lang w:val="EN-US"/></w:rPr><w:t>EAN 13)</w:t></w:r></w:p></w:tc>
                            </w:tr>
                            <w:tr>
                                <w:tc><w:tcPr><w:tcW w:w="4927" w:type="dxa"/></w:tcPr><w:p><w:pPr><w:rPr><w:lang w:val="EN-US"/></w:rPr></w:pPr>
                                    <ns0:barcode type="UPC-A" w:placeholder="0 74100 14661">0 74100 14661</ns0:barcode></w:p></w:tc><w:tc><w:tcPr><w:tcW w:w="4928" w:type="dxa"/></w:tcPr><w:p><w:pPr><w:rPr><w:lang w:val="EN-US"/></w:rPr></w:pPr><w:r><w:rPr><w:lang w:val="EN-US"/></w:rPr><w:t>0 74100 14661</w:t></w:r></w:p><w:p><w:pPr><w:rPr><w:lang w:val="EN-US"/></w:rPr></w:pPr><w:r><w:rPr><w:lang w:val="EN-US"/></w:rPr><w:t>Polaroid photo film (UPC-A)</w:t></w:r></w:p></w:tc>
                            </w:tr>
                            <w:tr>
                                <w:tc><w:tcPr><w:tcW w:w="4927" w:type="dxa"/></w:tcPr><w:p><w:pPr><w:rPr><w:lang w:val="EN-US"/></w:rPr></w:pPr>
                                    <ns0:barcode type="UPC-A" w:placeholder="0 42528 91217">0 42528 91217</ns0:barcode></w:p></w:tc><w:tc><w:tcPr><w:tcW w:w="4928" w:type="dxa"/></w:tcPr><w:p><w:pPr><w:rPr><w:lang w:val="EN-US"/></w:rPr></w:pPr><w:r><w:rPr><w:lang w:val="EN-US"/></w:rPr><w:t>0 42528 91217</w:t></w:r></w:p><w:p><w:pPr><w:rPr><w:lang w:val="EN-US"/></w:rPr></w:pPr><w:r><w:rPr><w:lang w:val="EN-US"/></w:rPr><w:t>Children color pens (UPC-A)</w:t></w:r></w:p></w:tc>
                            </w:tr>
                            <w:tr>
                                <w:tc><w:tcPr><w:tcW w:w="4927" w:type="dxa"/></w:tcPr><w:p>
                                    <ns0:barcode type="UPC-A" w:placeholder="0 50332 12701">0 50332 12701</ns0:barcode></w:p></w:tc><w:tc><w:tcPr><w:tcW w:w="4928" w:type="dxa"/></w:tcPr><w:p><w:pPr><w:rPr><w:lang w:val="EN-US"/></w:rPr></w:pPr><w:r><w:rPr><w:lang w:val="EN-US"/></w:rPr><w:t>0 50332 12701</w:t></w:r></w:p><w:p><w:pPr><w:rPr><w:lang w:val="EN-US"/></w:rPr></w:pPr><st1:place w:st="on"><w:r><w:rPr><w:lang w:val="EN-US"/></w:rPr><w:t>Olympus</w:t></w:r></st1:place><w:r><w:rPr><w:lang w:val="EN-US"/></w:rPr><w:t> photo camera (UPC-A)</w:t></w:r></w:p></w:tc>
                            </w:tr>
                            <w:tr>
                                <w:tc><w:tcPr><w:tcW w:w="4927" w:type="dxa"/></w:tcPr><w:p>
                                    <ns0:barcode type="UPC-A" w:placeholder="7 85810 10215">7 85810 10215</ns0:barcode></w:p></w:tc><w:tc><w:tcPr><w:tcW w:w="4928" w:type="dxa"/></w:tcPr><w:p><w:pPr><w:rPr><w:lang w:val="EN-US"/></w:rPr></w:pPr><w:r><w:rPr><w:lang w:val="EN-US"/></w:rPr><w:t>7 85810 10215</w:t></w:r></w:p><w:p><w:pPr><w:rPr><w:lang w:val="EN-US"/></w:rPr></w:pPr><w:r><w:rPr><w:lang w:val="EN-US"/></w:rPr><w:t>Contact lenses (UPC-A)</w:t></w:r></w:p></w:tc>
                            </w:tr>
                            <w:tr>
                                <w:tc><w:tcPr><w:tcW w:w="4927" w:type="dxa"/></w:tcPr><w:p><w:pPr><w:rPr><w:lang w:val="EN-US"/></w:rPr></w:pPr>
                                    <ns0:barcode type="EAN-8" w:placeholder="8005 012">8005 012</ns0:barcode></w:p></w:tc><w:tc><w:tcPr><w:tcW w:w="4928" w:type="dxa"/></w:tcPr><w:p><w:pPr><w:rPr><w:lang w:val="EN-US"/></w:rPr></w:pPr><w:r><w:rPr><w:lang w:val="EN-US"/></w:rPr><w:t>8005 012</w:t></w:r></w:p><w:p><w:pPr><w:rPr><w:lang w:val="EN-US"/></w:rPr></w:pPr><w:r><w:rPr><w:lang w:val="EN-US"/></w:rPr><w:t>TicTac mint candies (EAN 8)</w:t></w:r></w:p></w:tc>
                            </w:tr>
                            <w:tr>
                                <w:tc><w:tcPr><w:tcW w:w="4927" w:type="dxa"/></w:tcPr><w:p><w:pPr><w:rPr><w:lang w:val="EN-US"/></w:rPr></w:pPr>
                                    <ns0:barcode type="EAN-8" w:placeholder="8013 546">8013 546</ns0:barcode></w:p></w:tc><w:tc><w:tcPr><w:tcW w:w="4928" w:type="dxa"/></w:tcPr><w:p><w:pPr><w:rPr><w:lang w:val="EN-US"/></w:rPr></w:pPr><w:r><w:rPr><w:lang w:val="EN-US"/></w:rPr><w:t>8013 546</w:t></w:r></w:p><w:p><w:pPr><w:rPr><w:lang w:val="EN-US"/></w:rPr></w:pPr><w:r><w:rPr><w:lang w:val="EN-US"/></w:rPr><w:t>Nutella chocolate spread (EAN 8)</w:t></w:r></w:p></w:tc>
                            </w:tr>
                            <w:tr>
                                <w:tc><w:tcPr><w:tcW w:w="4927" w:type="dxa"/></w:tcPr><w:p>
                                    <ns0:barcode type="EAN-8" w:placeholder="7011 242">7011 242</ns0:barcode></w:p></w:tc><w:tc><w:tcPr><w:tcW w:w="4928" w:type="dxa"/></w:tcPr><w:p><w:pPr><w:autoSpaceDE w:val="off"/><w:autoSpaceDN w:val="off"/><w:adjustRightInd w:val="off"/><w:rPr><w:lang w:val="EN-US"/></w:rPr></w:pPr><w:r><w:rPr><w:lang w:val="EN-US"/></w:rPr><w:t>7011 242</w:t></w:r></w:p><w:p><w:pPr><w:rPr><w:lang w:val="EN-US"/></w:rPr></w:pPr><w:r><w:t>Möller’s Dobbel — fish-oil in capsules (EAN 8)</w:t></w:r></w:p></w:tc>
                            </w:tr>
                            <w:tr>
                                <w:tc><w:tcPr><w:tcW w:w="4927" w:type="dxa"/></w:tcPr><w:p>
                                    <ns0:barcode type="UPC-E" w:placeholder="123413">123413</ns0:barcode></w:p></w:tc><w:tc><w:tcPr><w:tcW w:w="4928" w:type="dxa"/></w:tcPr><w:p><w:pPr><w:autoSpaceDE w:val="off"/><w:autoSpaceDN w:val="off"/><w:adjustRightInd w:val="off"/><w:rPr><w:lang w:val="EN-US"/></w:rPr></w:pPr><w:r><w:rPr><w:lang w:val="EN-US"/></w:rPr><w:t>123413</w:t></w:r></w:p><w:p><w:pPr><w:autoSpaceDE w:val="off"/><w:autoSpaceDN w:val="off"/><w:adjustRightInd w:val="off"/><w:rPr><w:lang w:val="EN-US"/></w:rPr></w:pPr><w:r><w:rPr><w:lang w:val="EN-US"/></w:rPr><w:t>Camel cigarettes (UPC-E)</w:t></w:r></w:p></w:tc>
                            </w:tr>
                        </w:tbl>
                    </wx:sub-section>
                    <wx:sub-section>
                        <w:p><w:pPr><w:pStyle w:val="Heading3"/><w:rPr><w:lang w:val="EN-US"/></w:rPr></w:pPr><w:r><w:rPr><w:lang w:val="EN-US"/></w:rPr><w:t>Barcodes placed in plain text</w:t></w:r></w:p>
                        <w:p><w:pPr><w:rPr><w:lang w:val="EN-US"/></w:rPr></w:pPr>
                            <ns0:barcode type="EAN-8" w:placeholder="8013 546">8013 546</ns0:barcode><w:r><w:rPr><w:lang w:val="EN-US"/></w:rPr><w:tab wx:wTab="30" wx:tlc="none" wx:cTlc="0"/><w:t>8013 546 (EAN 8)</w:t></w:r></w:p>
                        <w:p><w:pPr><w:rPr><w:lang w:val="EN-US"/></w:rPr></w:pPr>
                            <ns0:barcode type="UPC-E" w:placeholder="444556">444556</ns0:barcode><w:r><w:rPr><w:lang w:val="EN-US"/></w:rPr><w:tab wx:wTab="165" wx:tlc="none" wx:cTlc="2"/><w:t>444556 (UPC-E)</w:t></w:r></w:p>
                        <w:sectPr><w:pgSz w:w="11906" w:h="16838"/>
                            <w:pgMar w:top="850" w:right="850" w:bottom="850" w:left="1417" w:header="708" w:footer="708" w:gutter="0"/>
                            <w:cols w:space="708"/>
                            <w:docGrid w:line-pitch="360"/>
                        </w:sectPr>
                    </wx:sub-section>
                </wx:sub-section>
            </wx:sub-section>
        </wx:sect>
    </w:body></w:wordDocument>