<?xml version="1.0" encoding="UTF-8" standalone="yes"?>
<?mso-application progid="Word.Document"?>
<w:wordDocument xmlns:w="http://schemas.microsoft.com/office/word/2003/wordml" xmlns:v="urn:schemas-microsoft-com:vml" xmlns:w10="urn:schemas-microsoft-com:office:word" xmlns:sl="http://schemas.microsoft.com/schemaLibrary/2003/core" xmlns:aml="http://schemas.microsoft.com/aml/2001/core" xmlns:wx="http://schemas.microsoft.com/office/word/2003/auxHint" xmlns:o="urn:schemas-microsoft-com:office:office" xmlns:dt="uuid:C2F41010-65B3-11d1-A29F-00AA00C14882" xmlns:wsp="http://schemas.microsoft.com/office/word/2003/wordml/sp2" w:macrosPresent="no" w:embeddedObjPresent="no" w:ocxPresent="no" xml:space="preserve"><w:ignoreElements w:val="http://schemas.microsoft.com/office/word/2003/wordml/sp2"/><o:DocumentProperties><o:Title> </o:Title><o:Author>Alexei Gagarinov</o:Author><o:LastAuthor>AlexeyI</o:LastAuthor><o:Revision>52</o:Revision><o:TotalTime>173</o:TotalTime><o:Created>2007-02-14T17:00:00Z</o:Created><o:LastSaved>2007-02-21T13:30:00Z</o:LastSaved><o:Pages>1</o:Pages><o:Words>131</o:Words><o:Characters>751</o:Characters><o:Company>RenderX</o:Company><o:Lines>6</o:Lines><o:Paragraphs>1</o:Paragraphs><o:CharactersWithSpaces>881</o:CharactersWithSpaces><o:Version>11.8106</o:Version></o:DocumentProperties><w:fonts><w:defaultFonts w:ascii="Times New Roman" w:fareast="SimSun" w:h-ansi="Times New Roman" w:cs="Times New Roman"/><w:font w:name="SimSun"><w:altName w:val="宋体"/><w:panose-1 w:val="02010600030101010101"/><w:charset w:val="86"/><w:family w:val="Auto"/><w:notTrueType/><w:pitch w:val="variable"/><w:sig w:usb-0="00000001" w:usb-1="080E0000" w:usb-2="00000010" w:usb-3="00000000" w:csb-0="00040000" w:csb-1="00000000"/></w:font><w:font w:name="@SimSun"><w:charset w:val="86"/><w:family w:val="Auto"/><w:pitch w:val="variable"/><w:sig w:usb-0="00000003" w:usb-1="080E0000" w:usb-2="00000010" w:usb-3="00000000" w:csb-0="00040001" w:csb-1="00000000"/></w:font></w:fonts><w:styles><w:versionOfBuiltInStylenames w:val="4"/><w:latentStyles w:defLockedState="off" w:latentStyleCount="156"/><w:style w:type="paragraph" w:default="on" w:styleId="Normal"><w:name w:val="Normal"/><w:rsid w:val="00CB708D"/><w:rPr><wx:font wx:val="Times New Roman"/><w:sz w:val="24"/><w:sz-cs w:val="24"/><w:lang w:val="RU" w:fareast="ZH-CN" w:bidi="AR-SA"/></w:rPr></w:style><w:style w:type="character" w:default="on" w:styleId="DefaultParagraphFont"><w:name w:val="Default Paragraph Font"/><w:semiHidden/></w:style><w:style w:type="table" w:default="on" w:styleId="TableNormal"><w:name w:val="Normal Table"/><wx:uiName wx:val="Table Normal"/><w:semiHidden/><w:rPr><wx:font wx:val="Times New Roman"/></w:rPr><w:tblPr><w:tblInd w:w="0" w:type="dxa"/><w:tblCellMar><w:top w:w="0" w:type="dxa"/><w:left w:w="108" w:type="dxa"/><w:bottom w:w="0" w:type="dxa"/><w:right w:w="108" w:type="dxa"/></w:tblCellMar></w:tblPr></w:style><w:style w:type="list" w:default="on" w:styleId="NoList"><w:name w:val="No List"/><w:semiHidden/></w:style><w:style w:type="paragraph" w:styleId="Header"><w:name w:val="header"/><wx:uiName wx:val="Header"/><w:basedOn w:val="Normal"/><w:rsid w:val="0034590B"/><w:pPr><w:pStyle w:val="Header"/><w:tabs><w:tab w:val="center" w:pos="4819"/><w:tab w:val="right" w:pos="9639"/></w:tabs></w:pPr><w:rPr><wx:font wx:val="Times New Roman"/></w:rPr></w:style><w:style w:type="paragraph" w:styleId="Footer"><w:name w:val="footer"/><wx:uiName wx:val="Footer"/><w:basedOn w:val="Normal"/><w:rsid w:val="0034590B"/><w:pPr><w:pStyle w:val="Footer"/><w:tabs><w:tab w:val="center" w:pos="4819"/><w:tab w:val="right" w:pos="9639"/></w:tabs></w:pPr><w:rPr><wx:font wx:val="Times New Roman"/></w:rPr></w:style><w:style w:type="character" w:styleId="PageNumber"><w:name w:val="page number"/><wx:uiName wx:val="Page Number"/><w:basedOn w:val="DefaultParagraphFont"/><w:rsid w:val="0034590B"/></w:style></w:styles><w:shapeDefaults><o:shapedefaults v:ext="edit" spidmax="29698"><o:colormru v:ext="edit" colors="#9f6,#ff6"/><o:colormenu v:ext="edit" strokecolor="none"/></o:shapedefaults><o:shapelayout v:ext="edit"><o:idmap v:ext="edit" data="1"/><o:rules v:ext="edit"><o:r id="V:Rule8" type="callout" idref="#_x0000_s1203"/><o:r id="V:Rule9" type="callout" idref="#_x0000_s1204"/><o:r id="V:Rule10" type="callout" idref="#_x0000_s1205"/><o:r id="V:Rule11" type="callout" idref="#_x0000_s1206"/><o:r id="V:Rule12" type="callout" idref="#_x0000_s1208"/><o:r id="V:Rule13" type="callout" idref="#_x0000_s1209"/><o:r id="V:Rule14" type="connector" idref="#_x0000_s1186"><o:proxy start="" idref="#_x0000_s1170" connectloc="1"/><o:proxy end="" idref="#_x0000_s1174" connectloc="2"/></o:r><o:r id="V:Rule15" type="connector" idref="#_x0000_s1175"><o:proxy start="" idref="#_x0000_s1168" connectloc="2"/><o:proxy end="" idref="#_x0000_s1172" connectloc="1"/></o:r><o:r id="V:Rule16" type="connector" idref="#_x0000_s1177"><o:proxy start="" idref="#_x0000_s1171" connectloc="2"/><o:proxy end="" idref="#_x0000_s1170" connectloc="0"/></o:r><o:r id="V:Rule17" type="connector" idref="#_x0000_s1178"><o:proxy start="" idref="#_x0000_s1170" connectloc="2"/><o:proxy end="" idref="#_x0000_s1174" connectloc="0"/></o:r><o:r id="V:Rule18" type="connector" idref="#_x0000_s1180"><o:proxy start="" idref="#_x0000_s1173" connectloc="4"/><o:proxy end="" idref="#_x0000_s1169" connectloc="0"/></o:r><o:r id="V:Rule19" type="connector" idref="#_x0000_s1182"><o:proxy start="" idref="#_x0000_s1170" connectloc="3"/><o:proxy end="" idref="#_x0000_s1173" connectloc="1"/></o:r><o:r id="V:Rule20" type="connector" idref="#_x0000_s1176"><o:proxy start="" idref="#_x0000_s1172" connectloc="4"/><o:proxy end="" idref="#_x0000_s1171" connectloc="0"/></o:r></o:rules></o:shapelayout></w:shapeDefaults><w:docPr><w:view w:val="print"/><w:zoom w:percent="100"/><w:doNotEmbedSystemFonts/><w:attachedTemplate w:val=""/><w:defaultTabStop w:val="708"/><w:hyphenationZone w:val="425"/><w:punctuationKerning/><w:characterSpacingControl w:val="DontCompress"/><w:optimizeForBrowser/><w:validateAgainstSchema/><w:saveInvalidXML w:val="off"/><w:ignoreMixedContent w:val="off"/><w:alwaysShowPlaceholderText w:val="off"/><w:footnotePr><w:footnote w:type="separator"><w:p wsp:rsidR="00DA7696" wsp:rsidRDefault="00DA7696"><w:r><w:separator/></w:r></w:p></w:footnote><w:footnote w:type="continuation-separator"><w:p wsp:rsidR="00DA7696" wsp:rsidRDefault="00DA7696"><w:r><w:continuationSeparator/></w:r></w:p></w:footnote></w:footnotePr><w:endnotePr><w:endnote w:type="separator"><w:p wsp:rsidR="00DA7696" wsp:rsidRDefault="00DA7696"><w:r><w:separator/></w:r></w:p></w:endnote><w:endnote w:type="continuation-separator"><w:p wsp:rsidR="00DA7696" wsp:rsidRDefault="00DA7696"><w:r><w:continuationSeparator/></w:r></w:p></w:endnote></w:endnotePr><w:compat><w:breakWrappedTables/><w:snapToGridInCell/><w:applyBreakingRules/><w:wrapTextWithPunct/><w:useAsianBreakRules/><w:dontGrowAutofit/><w:useFELayout/></w:compat><wsp:rsids><wsp:rsidRoot wsp:val="00666F85"/><wsp:rsid wsp:val="00012A7E"/><wsp:rsid wsp:val="000757A9"/><wsp:rsid wsp:val="000764AF"/><wsp:rsid wsp:val="001005F1"/><wsp:rsid wsp:val="00112799"/><wsp:rsid wsp:val="001502DF"/><wsp:rsid wsp:val="001A19D5"/><wsp:rsid wsp:val="001F70D4"/><wsp:rsid wsp:val="002228EA"/><wsp:rsid wsp:val="00227F32"/><wsp:rsid wsp:val="002328A3"/><wsp:rsid wsp:val="00265CB0"/><wsp:rsid wsp:val="00290600"/><wsp:rsid wsp:val="00304F0D"/><wsp:rsid wsp:val="0034590B"/><wsp:rsid wsp:val="003F4844"/><wsp:rsid wsp:val="003F7BB5"/><wsp:rsid wsp:val="004608FD"/><wsp:rsid wsp:val="0046588D"/><wsp:rsid wsp:val="00473973"/><wsp:rsid wsp:val="00493EDA"/><wsp:rsid wsp:val="004B187F"/><wsp:rsid wsp:val="004D24FC"/><wsp:rsid wsp:val="004D5067"/><wsp:rsid wsp:val="004E64D5"/><wsp:rsid wsp:val="00545B7B"/><wsp:rsid wsp:val="005B2C32"/><wsp:rsid wsp:val="00637F5E"/><wsp:rsid wsp:val="00642035"/><wsp:rsid wsp:val="00644C8D"/><wsp:rsid wsp:val="0066299F"/><wsp:rsid wsp:val="00666F85"/><wsp:rsid wsp:val="006916F7"/><wsp:rsid wsp:val="006C093D"/><wsp:rsid wsp:val="006F19F7"/><wsp:rsid wsp:val="007C6ECE"/><wsp:rsid wsp:val="00810E98"/><wsp:rsid wsp:val="008158AC"/><wsp:rsid wsp:val="008172DD"/><wsp:rsid wsp:val="008466C9"/><wsp:rsid wsp:val="0086052D"/><wsp:rsid wsp:val="008C1603"/><wsp:rsid wsp:val="0094324B"/><wsp:rsid wsp:val="009943C8"/><wsp:rsid wsp:val="009B2FDB"/><wsp:rsid wsp:val="00A7037B"/><wsp:rsid wsp:val="00AA4841"/><wsp:rsid wsp:val="00AD2B79"/><wsp:rsid wsp:val="00B05E18"/><wsp:rsid wsp:val="00B62554"/><wsp:rsid wsp:val="00C91392"/><wsp:rsid wsp:val="00C938AB"/><wsp:rsid wsp:val="00C97ACD"/><wsp:rsid wsp:val="00CB6E4E"/><wsp:rsid wsp:val="00CD7B97"/><wsp:rsid wsp:val="00D21E79"/><wsp:rsid wsp:val="00D43738"/><wsp:rsid wsp:val="00DA7696"/><wsp:rsid wsp:val="00DB4086"/><wsp:rsid wsp:val="00DB7097"/><wsp:rsid wsp:val="00DE624E"/><wsp:rsid wsp:val="00DF7F85"/><wsp:rsid wsp:val="00E338F8"/><wsp:rsid wsp:val="00E34741"/><wsp:rsid wsp:val="00E91030"/><wsp:rsid wsp:val="00EA448B"/><wsp:rsid wsp:val="00F01897"/><wsp:rsid wsp:val="00F165A5"/><wsp:rsid wsp:val="00F5703F"/><wsp:rsid wsp:val="00F65E4B"/><wsp:rsid wsp:val="00F878FD"/><wsp:rsid wsp:val="00FA6499"/><wsp:rsid wsp:val="00FD3C75"/><wsp:rsid wsp:val="00FF54A0"/></wsp:rsids></w:docPr><w:body><wx:sect><w:p wsp:rsidR="00666F85" wsp:rsidRDefault="00B05E18"><w:pPr><w:spacing w:after="240"/><w:jc w:val="center"/><w:rPr><w:lang w:val="EN-US"/></w:rPr></w:pPr><w:r><w:rPr><w:b/><w:b-cs/><w:sz w:val="32"/><w:sz-cs w:val="32"/><w:lang w:val="EN-US"/></w:rPr><w:t>Word VML to SVG Conversion</w:t></w:r></w:p><w:p wsp:rsidR="00666F85" wsp:rsidRDefault="00B05E18"><w:pPr><w:keepNext/><w:rPr><w:lang w:val="EN-US"/></w:rPr></w:pPr><w:r><w:rPr><w:i/><w:i-cs/><w:lang w:val="EN-US"/></w:rPr><w:t>Rectangle</w:t></w:r><w:r><w:rPr><w:lang w:val="EN-US"/></w:rPr><w:t> element defines the predefined shape.</w:t></w:r></w:p><w:p wsp:rsidR="00666F85" wsp:rsidRDefault="00EA448B"><w:pPr><w:rPr><w:lang w:val="EN-US"/></w:rPr></w:pPr><w:r wsp:rsidRPr="00EA448B"><w:rPr><w:lang w:val="EN-US"/></w:rPr></w:r><w:r wsp:rsidRPr="00EA448B"><w:rPr><w:lang w:val="EN-US"/></w:rPr><w:pict><v:group id="_x0000_s1048" editas="canvas" style="width:171pt;height:108pt;mso-position-horizontal-relative:char;mso-position-vertical-relative:line" coordorigin="2281,9248" coordsize="2682,1672"><o:lock v:ext="edit" aspectratio="t"/><v:shapetype id="_x0000_t75" coordsize="21600,21600" o:spt="75" o:preferrelative="t" path="m@4@5l@4@11@9@11@9@5xe" filled="f" stroked="f"><v:stroke joinstyle="miter"/><v:formulas><v:f eqn="if lineDrawn pixelLineWidth 0"/><v:f eqn="sum @0 1 0"/><v:f eqn="sum 0 0 @1"/><v:f eqn="prod @2 1 2"/><v:f eqn="prod @3 21600 pixelWidth"/><v:f eqn="prod @3 21600 pixelHeight"/><v:f eqn="sum @0 0 1"/><v:f eqn="prod @6 1 2"/><v:f eqn="prod @7 21600 pixelWidth"/><v:f eqn="sum @8 21600 0"/><v:f eqn="prod @7 21600 pixelHeight"/><v:f eqn="sum @10 21600 0"/></v:formulas><v:path o:extrusionok="f" gradientshapeok="t" o:connecttype="rect"/><o:lock v:ext="edit" aspectratio="t"/></v:shapetype><v:shape id="_x0000_s1047" type="#_x0000_t75" style="position:absolute;left:2281;top:9248;width:2682;height:1672" o:preferrelative="f"><v:fill o:detectmouseclick="t"/><v:path o:extrusionok="t" o:connecttype="none"/></v:shape><v:rect id="_x0000_s1090" style="position:absolute;left:2705;top:9527;width:1976;height:1115"/><w10:wrap type="none"/><w10:anchorlock/></v:group></w:pict></w:r></w:p><w:p wsp:rsidR="00666F85" wsp:rsidRDefault="00B05E18"><w:pPr><w:keepNext/><w:rPr><w:lang w:val="EN-US"/></w:rPr></w:pPr><w:r><w:rPr><w:i/><w:i-cs/><w:lang w:val="EN-US"/></w:rPr><w:t>Rounded Rectangle</w:t></w:r><w:r><w:rPr><w:lang w:val="EN-US"/></w:rPr><w:t> element defines the predefined shape.</w:t></w:r></w:p><w:p wsp:rsidR="00666F85" wsp:rsidRDefault="00EA448B"><w:pPr><w:rPr><w:lang w:val="EN-US"/></w:rPr></w:pPr><w:r wsp:rsidRPr="00EA448B"><w:rPr><w:lang w:val="EN-US"/></w:rPr></w:r><w:r wsp:rsidRPr="00EA448B"><w:rPr><w:lang w:val="EN-US"/></w:rPr><w:pict><v:group id="_x0000_s1101" editas="canvas" style="width:225pt;height:108pt;mso-position-horizontal-relative:char;mso-position-vertical-relative:line" coordorigin="2281,5811" coordsize="3530,1671"><o:lock v:ext="edit" aspectratio="t"/><v:shape id="_x0000_s1100" type="#_x0000_t75" style="position:absolute;left:2281;top:5811;width:3530;height:1671" o:preferrelative="f"><v:fill o:detectmouseclick="t"/><v:path o:extrusionok="t" o:connecttype="none"/></v:shape><v:roundrect id="_x0000_s1102" style="position:absolute;left:2422;top:5950;width:1130;height:1393" arcsize=".5"/><v:roundrect id="_x0000_s1108" style="position:absolute;left:3975;top:6139;width:1695;height:1114" arcsize=".5"/><w10:wrap type="none"/><w10:anchorlock/></v:group></w:pict></w:r></w:p><w:p wsp:rsidR="00666F85" wsp:rsidRDefault="00B05E18"><w:pPr><w:keepNext/><w:snapToGrid w:val="off"/><w:rPr><w:lang w:val="EN-US"/></w:rPr></w:pPr><w:r><w:rPr><w:i/><w:i-cs/><w:lang w:val="EN-US"/></w:rPr><w:t>Oval </w:t></w:r><w:r><w:rPr><w:lang w:val="EN-US"/></w:rPr><w:t>element defines the predefined shape.</w:t></w:r></w:p><w:p wsp:rsidR="00666F85" wsp:rsidRDefault="00EA448B"><w:pPr><w:snapToGrid w:val="off"/><w:rPr><w:lang w:val="EN-US"/></w:rPr></w:pPr><w:r wsp:rsidRPr="00EA448B"><w:rPr><w:lang w:val="EN-US"/></w:rPr></w:r><w:r wsp:rsidRPr="00EA448B"><w:rPr><w:lang w:val="EN-US"/></w:rPr><w:pict><v:group id="_x0000_s1067" editas="canvas" style="width:108pt;height:81pt;mso-position-horizontal-relative:char;mso-position-vertical-relative:line" coordorigin="2846,9216" coordsize="1694,1254"><o:lock v:ext="edit" aspectratio="t"/><v:shape id="_x0000_s1066" type="#_x0000_t75" style="position:absolute;left:2846;top:9216;width:1694;height:1254" o:preferrelative="f"><v:fill o:detectmouseclick="t"/><v:path o:extrusionok="t" o:connecttype="none"/></v:shape><v:oval id="_x0000_s1091" style="position:absolute;left:2987;top:9495;width:1416;height:792"/><w10:wrap type="none"/><w10:anchorlock/></v:group></w:pict></w:r></w:p><w:p wsp:rsidR="00666F85" wsp:rsidRDefault="00B05E18"><w:pPr><w:keepNext/><w:snapToGrid w:val="off"/><w:rPr><w:lang w:val="EN-US"/></w:rPr></w:pPr><w:r><w:rPr><w:i/><w:i-cs/><w:lang w:val="EN-US"/></w:rPr><w:t>Line</w:t></w:r><w:r><w:rPr><w:lang w:val="EN-US"/></w:rPr><w:t> element</w:t></w:r></w:p><w:p wsp:rsidR="00666F85" wsp:rsidRDefault="00EA448B"><w:pPr><w:snapToGrid w:val="off"/><w:rPr><w:lang w:val="EN-US"/></w:rPr></w:pPr><w:r wsp:rsidRPr="00EA448B"><w:rPr><w:lang w:val="EN-US"/></w:rPr></w:r><w:r wsp:rsidRPr="00EA448B"><w:rPr><w:lang w:val="EN-US"/></w:rPr><w:pict><v:group id="_x0000_s1073" editas="canvas" style="width:135pt;height:36pt;mso-position-horizontal-relative:char;mso-position-vertical-relative:line" coordorigin="2987,11290" coordsize="2117,557"><o:lock v:ext="edit" aspectratio="t"/><v:shape id="_x0000_s1072" type="#_x0000_t75" style="position:absolute;left:2987;top:11290;width:2117;height:557" o:preferrelative="f"><v:fill o:detectmouseclick="t"/><v:path o:extrusionok="t" o:connecttype="none"/></v:shape><v:line id="_x0000_s1094" style="position:absolute" from="3128,11429" to="4822,11569"/><w10:wrap type="none"/><w10:anchorlock/></v:group></w:pict></w:r></w:p><w:p wsp:rsidR="00FA6499" wsp:rsidRDefault="00FA6499"><w:pPr><w:snapToGrid w:val="off"/><w:rPr><w:lang w:val="EN-US"/></w:rPr></w:pPr></w:p><w:p wsp:rsidR="00F01897" wsp:rsidRPr="00F01897" wsp:rsidRDefault="00F01897" wsp:rsidP="00F01897"><w:pPr><w:snapToGrid w:val="off"/><w:jc w:val="center"/><w:rPr><w:b/><w:sz w:val="28"/></w:rPr></w:pPr><w:r wsp:rsidRPr="00F01897"><w:rPr><w:b/><w:sz w:val="28"/><w:lang w:val="EN-US"/></w:rPr><w:t>AutoShapes</w:t></w:r></w:p><w:p wsp:rsidR="00F01897" wsp:rsidRDefault="00810E98" wsp:rsidP="00F01897"><w:pPr><w:snapToGrid w:val="off"/><w:rPr><w:lang w:val="EN-US"/></w:rPr></w:pPr><w:r wsp:rsidRPr="00810E98"><w:rPr><w:i/><w:lang w:val="EN-US"/></w:rPr><w:t>Lines</w:t></w:r><w:r><w:rPr><w:lang w:val="EN-US"/></w:rPr><w:t> section</w:t></w:r><w:r wsp:rsidR="00B62554"><w:rPr><w:lang w:val="EN-US"/></w:rPr><w:t> elements</w:t></w:r></w:p><w:p wsp:rsidR="00810E98" wsp:rsidRDefault="00EA448B" wsp:rsidP="00F01897"><w:pPr><w:snapToGrid w:val="off"/><w:rPr><w:lang w:val="EN-US"/></w:rPr></w:pPr><w:r wsp:rsidRPr="00EA448B"><w:rPr><w:lang w:val="EN-US"/></w:rPr></w:r><w:r wsp:rsidRPr="00EA448B"><w:rPr><w:lang w:val="EN-US"/></w:rPr><w:pict><v:group id="_x0000_s1110" editas="canvas" style="width:459pt;height:3in;mso-position-horizontal-relative:char;mso-position-vertical-relative:line" coordorigin="2281,8496" coordsize="7200,3344"><o:lock v:ext="edit" aspectratio="t"/><v:shape id="_x0000_s1109" type="#_x0000_t75" style="position:absolute;left:2281;top:8496;width:7200;height:3344" o:preferrelative="f"><v:fill o:detectmouseclick="t"/><v:path o:extrusionok="t" o:connecttype="none"/></v:shape><v:line id="_x0000_s1111" style="position:absolute" from="4540,9053" to="7505,11283"/><v:line id="_x0000_s1113" style="position:absolute;flip:y" from="5105,8775" to="6799,11701"><v:stroke endarrow="block"/></v:line><v:line id="_x0000_s1114" style="position:absolute" from="3552,9750" to="9058,10030"><v:stroke startarrow="block" endarrow="block"/></v:line><v:shape id="_x0000_s1117" style="position:absolute;left:2987;top:8751;width:5929;height:2671" coordsize="7560,3450" path="m,2910c615,1890,1230,870,1620,750v390,-120,330,1530,720,1440c2730,2100,3510,,3960,210v450,210,480,3240,1080,3240c5640,3450,6600,1830,7560,210e" filled="f"><v:path arrowok="t"/></v:shape><v:shape id="_x0000_s1118" style="position:absolute;left:2512;top:8624;width:2294;height:2856" coordsize="2924,3690" path="m749,570hdc789,554,831,544,869,525v116,-58,-23,-7,90,-45c987,397,979,245,914,180,885,151,843,142,809,120,765,32,751,37,659,,549,5,439,6,329,15,243,22,219,105,164,150v-17,14,-40,20,-60,30c84,210,64,240,44,270,,337,51,430,59,510v2,16,5,33,15,45c85,569,104,575,119,585v47,70,112,82,165,135c345,781,431,852,509,885v21,9,43,16,60,30c612,951,689,1035,689,1035v37,110,22,59,45,150c728,1206,702,1322,674,1350v-62,62,-87,51,-150,90c503,1453,486,1474,464,1485v-28,14,-90,30,-90,30c364,1530,358,1548,344,1560v-17,14,-50,10,-60,30c261,1636,264,1690,254,1740v6,115,-34,249,30,345c350,2185,310,2077,359,2175v23,46,6,69,60,105c460,2307,513,2313,554,2340v62,93,-7,2,75,75c750,2523,671,2489,764,2520v51,51,88,54,150,90c980,2648,1045,2687,1109,2730v15,10,27,29,45,30c1214,2765,1274,2770,1334,2775v30,10,134,43,165,60c1521,2847,1537,2868,1559,2880v87,48,192,61,285,90c1891,2984,1931,3020,1979,3030v49,11,100,10,150,15c2149,3055,2170,3063,2189,3075v27,18,45,48,75,60c2297,3149,2334,3145,2369,3150v86,-7,314,34,405,-75c2784,3063,2780,3043,2789,3030v12,-18,30,-30,45,-45c2839,2970,2840,2953,2849,2940v12,-18,36,-26,45,-45c2912,2858,2911,2814,2924,2775v-10,-70,-8,-143,-30,-210c2889,2550,2863,2558,2849,2550v-32,-18,-90,-60,-90,-60c2684,2495,2609,2497,2534,2505v-16,2,-30,11,-45,15c2386,2544,2303,2562,2204,2595v-17,6,-29,22,-45,30c2112,2648,2059,2668,2009,2685v-67,101,12,2,-75,60c1822,2820,1951,2769,1844,2805v-47,47,-100,76,-150,120c1668,2948,1647,2978,1619,3000v-45,35,-112,47,-165,60c1310,3204,1494,3033,1364,3120v-112,75,17,24,-90,60c1241,3213,1226,3234,1184,3255v-14,7,-31,7,-45,15c1107,3288,1084,3323,1049,3330v-50,10,-150,30,-150,30c889,3375,884,3395,869,3405v-104,74,-50,-17,-165,60c633,3512,584,3536,509,3570v-31,14,-61,29,-90,45c403,3624,390,3637,374,3645v-14,7,-31,8,-45,15c313,3668,284,3690,284,3690e" filled="f"><v:path arrowok="t"/></v:shape><v:shape id="_x0000_s1120" style="position:absolute;left:7225;top:8754;width:910;height:2540" coordsize="1160,3282" path="m1160,57hdc787,65,539,,245,147v6,100,-20,213,30,300c311,510,377,523,440,537v122,27,255,50,360,120c805,672,816,686,815,702v-3,31,-21,132,-60,165c687,924,527,933,440,957v,,-112,37,-135,45c257,1018,198,1023,155,1047v-32,18,-90,60,-90,60c45,1137,,1161,5,1197v11,78,33,232,90,300c107,1511,125,1517,140,1527v45,68,79,124,135,180c302,1789,339,1760,395,1827v26,31,34,74,60,105c471,1951,495,1962,515,1977v5,15,8,31,15,45c538,2038,554,2050,560,2067v9,24,10,50,15,75c565,2187,567,2237,545,2277v-11,20,-41,19,-60,30c435,2336,383,2365,335,2397v-5,20,-7,41,-15,60c313,2474,292,2484,290,2502v-3,25,8,50,15,75c335,2688,346,2671,410,2757v17,23,27,52,45,75c515,2906,581,2970,665,3012v48,72,78,51,150,105c900,3181,817,3148,920,3207v47,27,93,21,120,75e" filled="f"><v:path arrowok="t"/></v:shape><w10:wrap type="none"/><w10:anchorlock/></v:group></w:pict></w:r></w:p><w:p wsp:rsidR="004608FD" wsp:rsidRDefault="000764AF" wsp:rsidP="00F01897"><w:pPr><w:snapToGrid w:val="off"/><w:rPr><w:lang w:val="EN-US"/></w:rPr></w:pPr><w:r><w:rPr><w:i/><w:lang w:val="EN-US"/></w:rPr><w:br w:type="page"/></w:r><w:r wsp:rsidR="004608FD" wsp:rsidRPr="004608FD"><w:rPr><w:i/><w:lang w:val="EN-US"/></w:rPr><w:t>Basic Shapes</w:t></w:r><w:r wsp:rsidR="004608FD"><w:rPr><w:lang w:val="EN-US"/></w:rPr><w:t> section</w:t></w:r><w:r wsp:rsidR="00B62554"><w:rPr><w:lang w:val="EN-US"/></w:rPr><w:t> elements</w:t></w:r></w:p><w:p wsp:rsidR="004E64D5" wsp:rsidRDefault="00EA448B" wsp:rsidP="00F01897"><w:pPr><w:snapToGrid w:val="off"/><w:rPr><w:lang w:val="EN-US"/></w:rPr></w:pPr><w:r wsp:rsidRPr="00EA448B"><w:rPr><w:lang w:val="EN-US"/></w:rPr></w:r><w:r wsp:rsidRPr="00EA448B"><w:rPr><w:lang w:val="EN-US"/></w:rPr><w:pict><v:group id="_x0000_s1122" editas="canvas" style="width:459pt;height:279pt;mso-position-horizontal-relative:char;mso-position-vertical-relative:line" coordorigin="2281,10761" coordsize="7200,4320"><o:lock v:ext="edit" aspectratio="t"/><v:shape id="_x0000_s1121" type="#_x0000_t75" style="position:absolute;left:2281;top:10761;width:7200;height:4320" o:preferrelative="f"><v:fill o:detectmouseclick="t"/><v:path o:extrusionok="t" o:connecttype="none"/></v:shape><v:rect id="_x0000_s1123" style="position:absolute;left:5246;top:13966;width:1128;height:418"/><v:shapetype id="_x0000_t7" coordsize="21600,21600" o:spt="7" adj="5400" path="m@0,l,21600@1,21600,21600,xe"><v:stroke joinstyle="miter"/><v:formulas><v:f eqn="val #0"/><v:f eqn="sum width 0 #0"/><v:f eqn="prod #0 1 2"/><v:f eqn="sum width 0 @2"/><v:f eqn="mid #0 width"/><v:f eqn="mid @1 0"/><v:f eqn="prod height width #0"/><v:f eqn="prod @6 1 2"/><v:f eqn="sum height 0 @7"/><v:f eqn="prod width 1 2"/><v:f eqn="sum #0 0 @9"/><v:f eqn="if @10 @8 0"/><v:f eqn="if @10 @7 height"/></v:formulas><v:path gradientshapeok="t" o:connecttype="custom" o:connectlocs="@4,0;10800,@11;@3,10800;@5,21600;10800,@12;@2,10800" textboxrect="1800,1800,19800,19800;8100,8100,13500,13500;10800,10800,10800,10800"/><v:handles><v:h position="#0,topLeft" xrange="0,21600"/></v:handles></v:shapetype><v:shape id="_x0000_s1124" type="#_x0000_t7" style="position:absolute;left:3410;top:13269;width:1130;height:418"/><v:shapetype id="_x0000_t8" coordsize="21600,21600" o:spt="8" adj="5400" path="m,l@0,21600@1,21600,21600,xe"><v:stroke joinstyle="miter"/><v:formulas><v:f eqn="val #0"/><v:f eqn="sum width 0 #0"/><v:f eqn="prod #0 1 2"/><v:f eqn="sum width 0 @2"/><v:f eqn="mid #0 width"/><v:f eqn="mid @1 0"/><v:f eqn="prod height width #0"/><v:f eqn="prod @6 1 2"/><v:f eqn="sum height 0 @7"/><v:f eqn="prod width 1 2"/><v:f eqn="sum #0 0 @9"/><v:f eqn="if @10 @8 0"/><v:f eqn="if @10 @7 height"/></v:formulas><v:path gradientshapeok="t" o:connecttype="custom" o:connectlocs="@3,10800;10800,21600;@2,10800;10800,0" textboxrect="1800,1800,19800,19800;4500,4500,17100,17100;7200,7200,14400,14400"/><v:handles><v:h position="#0,bottomRight" xrange="0,10800"/></v:handles></v:shapetype><v:shape id="_x0000_s1125" type="#_x0000_t8" style="position:absolute;left:5387;top:13409;width:847;height:418"/><v:roundrect id="_x0000_s1127" style="position:absolute;left:2563;top:11040;width:989;height:418" arcsize="10923f"/><v:shapetype id="_x0000_t10" coordsize="21600,21600" o:spt="10" adj="6326" path="m@0,l0@0,0@2@0,21600@1,21600,21600@2,21600@0@1,xe"><v:stroke joinstyle="miter"/><v:formulas><v:f eqn="val #0"/><v:f eqn="sum width 0 #0"/><v:f eqn="sum height 0 #0"/><v:f eqn="prod @0 2929 10000"/><v:f eqn="sum width 0 @3"/><v:f eqn="sum height 0 @3"/><v:f eqn="val width"/><v:f eqn="val height"/><v:f eqn="prod width 1 2"/><v:f eqn="prod height 1 2"/></v:formulas><v:path gradientshapeok="t" limo="10800,10800" o:connecttype="custom" o:connectlocs="@8,0;0,@9;@8,@7;@6,@9" textboxrect="0,0,21600,21600;2700,2700,18900,18900;5400,5400,16200,16200"/><v:handles><v:h position="#0,topLeft" switch="" xrange="0,10800"/></v:handles></v:shapetype><v:shape id="_x0000_s1128" type="#_x0000_t10" style="position:absolute;left:6657;top:13966;width:707;height:418"/><v:shapetype id="_x0000_t5" coordsize="21600,21600" o:spt="5" adj="10800" path="m@0,l,21600r21600,xe"><v:stroke joinstyle="miter"/><v:formulas><v:f eqn="val #0"/><v:f eqn="prod #0 1 2"/><v:f eqn="sum @1 10800 0"/></v:formulas><v:path gradientshapeok="t" o:connecttype="custom" o:connectlocs="@0,0;@1,10800;0,21600;10800,21600;21600,21600;@2,10800" textboxrect="0,10800,10800,18000;5400,10800,16200,18000;10800,10800,21600,18000;0,7200,7200,21600;7200,7200,14400,21600;14400,7200,21600,21600"/><v:handles><v:h position="#0,topLeft" xrange="0,21600"/></v:handles></v:shapetype><v:shape id="_x0000_s1129" type="#_x0000_t5" style="position:absolute;left:6657;top:13269;width:567;height:418"/><v:shapetype id="_x0000_t6" coordsize="21600,21600" o:spt="6" path="m,l,21600r21600,xe"><v:stroke joinstyle="miter"/><v:path gradientshapeok="t" o:connecttype="custom" o:connectlocs="0,0;0,10800;0,21600;10800,21600;21600,21600;10800,10800" textboxrect="1800,12600,12600,19800"/></v:shapetype><v:shape id="_x0000_s1130" type="#_x0000_t6" style="position:absolute;left:7582;top:11802;width:976;height:565;rotation:270"/><v:oval id="_x0000_s1131" style="position:absolute;left:3128;top:12573;width:1129;height:417"/><v:shapetype id="_x0000_t9" coordsize="21600,21600" o:spt="9" adj="5400" path="m@0,l,10800@0,21600@1,21600,21600,10800@1,xe"><v:stroke joinstyle="miter"/><v:formulas><v:f eqn="val #0"/><v:f eqn="sum width 0 #0"/><v:f eqn="sum height 0 #0"/><v:f eqn="prod @0 2929 10000"/><v:f eqn="sum width 0 @3"/><v:f eqn="sum height 0 @3"/></v:formulas><v:path gradientshapeok="t" o:connecttype="rect" textboxrect="1800,1800,19800,19800;3600,3600,18000,18000;6300,6300,15300,15300"/><v:handles><v:h position="#0,topLeft" xrange="0,10800"/></v:handles></v:shapetype><v:shape id="_x0000_s1132" type="#_x0000_t9" style="position:absolute;left:2846;top:11876;width:845;height:416"/><v:shapetype id="_x0000_t11" coordsize="21600,21600" o:spt="11" adj="5400" path="m@0,l@0@0,0@0,0@2@0@2@0,21600@1,21600@1@2,21600@2,21600@0@1@0@1,xe"><v:stroke joinstyle="miter"/><v:formulas><v:f eqn="val #0"/><v:f eqn="sum width 0 #0"/><v:f eqn="sum height 0 #0"/><v:f eqn="prod @0 2929 10000"/><v:f eqn="sum width 0 @3"/><v:f eqn="sum height 0 @3"/><v:f eqn="val width"/><v:f eqn="val height"/><v:f eqn="prod width 1 2"/><v:f eqn="prod height 1 2"/></v:formulas><v:path gradientshapeok="t" limo="10800,10800" o:connecttype="custom" o:connectlocs="@8,0;0,@9;@8,@7;@6,@9" textboxrect="0,0,21600,21600;5400,5400,16200,16200;10800,10800,10800,10800"/><v:handles><v:h position="#0,topLeft" switch="" xrange="0,10800"/></v:handles></v:shapetype><v:shape id="_x0000_s1133" type="#_x0000_t11" style="position:absolute;left:4116;top:13966;width:847;height:418"/><v:shapetype id="_x0000_t56" coordsize="21600,21600" o:spt="56" path="m10800,l,8259,4200,21600r13200,l21600,8259xe"><v:stroke joinstyle="miter"/><v:path gradientshapeok="t" o:connecttype="custom" o:connectlocs="10800,0;0,8259;4200,21600;10800,21600;17400,21600;21600,8259" o:connectangles="270,180,90,90,90,0" textboxrect="4200,5077,17400,21600"/></v:shapetype><v:shape id="_x0000_s1134" type="#_x0000_t56" style="position:absolute;left:7505;top:12851;width:846;height:557"/><v:shapetype id="_x0000_t22" coordsize="21600,21600" o:spt="22" adj="5400" path="m10800,qx0@1l0@2qy10800,21600,21600@2l21600@1qy10800,xem0@1qy10800@0,21600@1nfe"><v:formulas><v:f eqn="val #0"/><v:f eqn="prod #0 1 2"/><v:f eqn="sum height 0 @1"/></v:formulas><v:path o:extrusionok="f" gradientshapeok="t" o:connecttype="custom" o:connectlocs="10800,@0;10800,0;0,10800;10800,21600;21600,10800" o:connectangles="270,270,180,90,0" textboxrect="0,@0,21600,@2"/><v:handles><v:h position="center,#0" yrange="0,10800"/></v:handles><o:complex v:ext="view"/></v:shapetype><v:shape id="_x0000_s1135" type="#_x0000_t22" style="position:absolute;left:5387;top:12712;width:847;height:557"/><v:shapetype id="_x0000_t23" coordsize="21600,21600" o:spt="23" adj="5400" path="m,10800qy10800,,21600,10800,10800,21600,,10800xm@0,10800qy10800@2@1,10800,10800@0@0,10800xe"><v:formulas><v:f eqn="val #0"/><v:f eqn="sum width 0 #0"/><v:f eqn="sum height 0 #0"/><v:f eqn="prod @0 2929 10000"/><v:f eqn="sum width 0 @3"/><v:f eqn="sum height 0 @3"/></v:formulas><v:path o:connecttype="custom" o:connectlocs="10800,0;3163,3163;0,10800;3163,18437;10800,21600;18437,18437;21600,10800;18437,3163" textboxrect="3163,3163,18437,18437"/><v:handles><v:h position="#0,center" xrange="0,10800"/></v:handles></v:shapetype><v:shape id="_x0000_s1139" type="#_x0000_t23" style="position:absolute;left:4681;top:12155;width:565;height:557"/><v:shapetype id="_x0000_t57" coordsize="21600,21600" o:spt="57" adj="2700" path="m,10800qy10800,,21600,10800,10800,21600,,10800xar@0@0@16@16@12@14@15@13xar@0@0@16@16@13@15@14@12xe"><v:stroke joinstyle="miter"/><v:formulas><v:f eqn="val #0"/><v:f eqn="prod @0 2 1"/><v:f eqn="sum 21600 0 @1"/><v:f eqn="prod @2 @2 1"/><v:f eqn="prod @0 @0 1"/><v:f eqn="sum @3 0 @4"/><v:f eqn="prod @5 1 8"/><v:f eqn="sqrt @6"/><v:f eqn="prod @4 1 8"/><v:f eqn="sqrt @8"/><v:f eqn="sum @7 @9 0"/><v:f eqn="sum @7 0 @9"/><v:f eqn="sum @10 10800 0"/><v:f eqn="sum 10800 0 @10"/><v:f eqn="sum @11 10800 0"/><v:f eqn="sum 10800 0 @11"/><v:f eqn="sum 21600 0 @0"/></v:formulas><v:path o:connecttype="custom" o:connectlocs="10800,0;3163,3163;0,10800;3163,18437;10800,21600;18437,18437;21600,10800;18437,3163" textboxrect="3163,3163,18437,18437"/><v:handles><v:h position="#0,center" xrange="0,7200"/></v:handles></v:shapetype><v:shape id="_x0000_s1140" type="#_x0000_t57" style="position:absolute;left:6375;top:12155;width:706;height:555"/><v:shapetype id="_x0000_t74" coordsize="21600,21600" o:spt="74" path="m10860,2187c10451,1746,9529,1018,9015,730,7865,152,6685,,5415,,4175,152,2995,575,1967,1305,1150,2187,575,3222,242,4220,,5410,242,6560,575,7597l10860,21600,20995,7597v485,-1037,605,-2187,485,-3377c21115,3222,20420,2187,19632,1305,18575,575,17425,152,16275,,15005,,13735,152,12705,730v-529,288,-1451,1016,-1845,1457xe"><v:stroke joinstyle="miter"/><v:path gradientshapeok="t" o:connecttype="custom" o:connectlocs="10860,2187;2928,10800;10860,21600;18672,10800" o:connectangles="270,180,90,0" textboxrect="5037,2277,16557,13677"/></v:shapetype><v:shape id="_x0000_s1141" type="#_x0000_t74" style="position:absolute;left:5387;top:11040;width:707;height:417"/><v:shapetype id="_x0000_t73" coordsize="21600,21600" o:spt="73" path="m8472,l,3890,7602,8382,5022,9705r7200,4192l10012,14915r11588,6685l14767,12877r1810,-870l11050,6797r1810,-717xe"><v:stroke joinstyle="miter"/><v:path o:connecttype="custom" o:connectlocs="8472,0;0,3890;5022,9705;10012,14915;21600,21600;16577,12007;12860,6080" o:connectangles="270,270,180,180,90,0,0" textboxrect="8757,7437,13917,14277"/></v:shapetype><v:shape id="_x0000_s1142" type="#_x0000_t73" style="position:absolute;left:5387;top:11597;width:707;height:696"/><v:shapetype id="_x0000_t183" coordsize="21600,21600" o:spt="183" adj="5400" path="m21600,10800l@15@14@15@18xem18436,3163l@17@12@16@13xem10800,l@14@10@18@10xem3163,3163l@12@13@13@12xem,10800l@10@18@10@14xem3163,18436l@13@16@12@17xem10800,21600l@18@15@14@15xem18436,18436l@16@17@17@16xem10800@19qx@19,10800,10800@20@20,10800,10800@19xe"><v:stroke joinstyle="miter"/><v:formulas><v:f eqn="sum 10800 0 #0"/><v:f eqn="prod @0 30274 32768"/><v:f eqn="prod @0 12540 32768"/><v:f eqn="sum @1 10800 0"/><v:f eqn="sum @2 10800 0"/><v:f eqn="sum 10800 0 @1"/><v:f eqn="sum 10800 0 @2"/><v:f eqn="prod @0 23170 32768"/><v:f eqn="sum @7 10800 0"/><v:f eqn="sum 10800 0 @7"/><v:f eqn="prod @5 3 4"/><v:f eqn="prod @6 3 4"/><v:f eqn="sum @10 791 0"/><v:f eqn="sum @11 791 0"/><v:f eqn="sum @11 2700 0"/><v:f eqn="sum 21600 0 @10"/><v:f eqn="sum 21600 0 @12"/><v:f eqn="sum 21600 0 @13"/><v:f eqn="sum 21600 0 @14"/><v:f eqn="val #0"/><v:f eqn="sum 21600 0 #0"/></v:formulas><v:path o:connecttype="rect" textboxrect="@9,@9,@8,@8"/><v:handles><v:h position="#0,center" xrange="2700,10125"/></v:handles></v:shapetype><v:shape id="_x0000_s1143" type="#_x0000_t183" style="position:absolute;left:4257;top:10900;width:706;height:696"/><v:shapetype id="_x0000_t184" coordsize="21600,21600" o:spt="184" adj="10800" path="m21600,qx,10800,21600,21600wa@0@10@6@11,21600,21600,21600,xe"><v:stroke joinstyle="miter"/><v:formulas><v:f eqn="val #0"/><v:f eqn="sum 21600 0 #0"/><v:f eqn="prod #0 #0 @1"/><v:f eqn="prod 21600 21600 @1"/><v:f eqn="prod @3 2 1"/><v:f eqn="sum @4 0 @2"/><v:f eqn="sum @5 0 #0"/><v:f eqn="prod @5 1 2"/><v:f eqn="sum @7 0 #0"/><v:f eqn="prod @8 1 2"/><v:f eqn="sum 10800 0 @9"/><v:f eqn="sum @9 10800 0"/><v:f eqn="prod #0 9598 32768"/><v:f eqn="sum 21600 0 @12"/><v:f eqn="ellipse @13 21600 10800"/><v:f eqn="sum 10800 0 @14"/><v:f eqn="sum @14 10800 0"/></v:formulas><v:path o:connecttype="custom" o:connectlocs="21600,0;0,10800;21600,21600;@0,10800" o:connectangles="270,180,90,0" textboxrect="@12,@15,@0,@16"/><v:handles><v:h position="#0,center" xrange="0,18900"/></v:handles></v:shapetype><v:shape id="_x0000_s1144" type="#_x0000_t184" style="position:absolute;left:6375;top:10900;width:565;height:557"/><v:shapetype id="_x0000_t21" coordsize="21600,21600" o:spt="21" adj="3600" path="m@0,qy0@0l0@2qx@0,21600l@1,21600qy21600@2l21600@0qx@1,xe"><v:stroke joinstyle="miter"/><v:formulas><v:f eqn="val #0"/><v:f eqn="sum width 0 #0"/><v:f eqn="sum height 0 #0"/><v:f eqn="prod @0 7071 10000"/><v:f eqn="sum width 0 @3"/><v:f eqn="sum height 0 @3"/><v:f eqn="val width"/><v:f eqn="val height"/><v:f eqn="prod width 1 2"/><v:f eqn="prod height 1 2"/></v:formulas><v:path gradientshapeok="t" limo="10800,10800" o:connecttype="custom" o:connectlocs="@8,0;0,@9;@8,@7;@6,@9" textboxrect="@3,@3,@4,@5"/><v:handles><v:h position="#0,topLeft" switch="" xrange="0,10800"/></v:handles></v:shapetype><v:shape id="_x0000_s1145" type="#_x0000_t21" style="position:absolute;left:7787;top:10900;width:847;height:559"/><w10:wrap type="none"/><w10:anchorlock/></v:group></w:pict></w:r></w:p><w:p wsp:rsidR="002328A3" wsp:rsidRDefault="002328A3" wsp:rsidP="00F01897"><w:pPr><w:snapToGrid w:val="off"/><w:rPr><w:lang w:val="EN-US"/></w:rPr></w:pPr></w:p><w:p wsp:rsidR="002328A3" wsp:rsidRDefault="003F7BB5" wsp:rsidP="00F01897"><w:pPr><w:snapToGrid w:val="off"/><w:rPr><w:lang w:val="EN-US"/></w:rPr></w:pPr><w:r wsp:rsidRPr="003F7BB5"><w:rPr><w:i/><w:lang w:val="EN-US"/></w:rPr><w:t>Block Arrows</w:t></w:r><w:r><w:rPr><w:lang w:val="EN-US"/></w:rPr><w:t> section</w:t></w:r><w:r wsp:rsidR="00B62554"><w:rPr><w:lang w:val="EN-US"/></w:rPr><w:t> elements</w:t></w:r></w:p><w:p wsp:rsidR="003F7BB5" wsp:rsidRDefault="003F7BB5" wsp:rsidP="00F01897"><w:pPr><w:snapToGrid w:val="off"/><w:rPr><w:lang w:val="EN-US"/></w:rPr></w:pPr></w:p><w:p wsp:rsidR="003F7BB5" wsp:rsidRDefault="00EA448B" wsp:rsidP="00F01897"><w:pPr><w:snapToGrid w:val="off"/><w:rPr><w:lang w:val="EN-US"/></w:rPr></w:pPr><w:r wsp:rsidRPr="00EA448B"><w:rPr><w:lang w:val="EN-US"/></w:rPr></w:r><w:r wsp:rsidRPr="00EA448B"><w:rPr><w:lang w:val="EN-US"/></w:rPr><w:pict><v:group id="_x0000_s1147" editas="canvas" style="width:459pt;height:225pt;mso-position-horizontal-relative:char;mso-position-vertical-relative:line" coordorigin="2281,4026" coordsize="7200,3484"><o:lock v:ext="edit" aspectratio="t"/><v:shape id="_x0000_s1146" type="#_x0000_t75" style="position:absolute;left:2281;top:4026;width:7200;height:3484" o:preferrelative="f"><v:fill o:detectmouseclick="t"/><v:path o:extrusionok="t" o:connecttype="none"/></v:shape><v:shapetype id="_x0000_t76" coordsize="21600,21600" o:spt="76" adj="6480,8640,4320" path="m10800,l@0@2@1@2@1@1@2@1@2@0,,10800@2@3@2@4@1@4@1@5@0@5,10800,21600@3@5@4@5@4@4@5@4@5@3,21600,10800@5@0@5@1@4@1@4@2@3@2xe"><v:stroke joinstyle="miter"/><v:formulas><v:f eqn="val #0"/><v:f eqn="val #1"/><v:f eqn="val #2"/><v:f eqn="sum 21600 0 #0"/><v:f eqn="sum 21600 0 #1"/><v:f eqn="sum 21600 0 #2"/><v:f eqn="sum #0 0 10800"/><v:f eqn="sum #1 0 10800"/><v:f eqn="prod @7 #2 @6"/><v:f eqn="sum 21600 0 @8"/></v:formulas><v:path o:connecttype="rect" textboxrect="@8,@1,@9,@4;@1,@8,@4,@9"/><v:handles><v:h position="#0,topLeft" xrange="@2,@1"/><v:h position="#1,#2" xrange="@0,10800" yrange="0,@0"/></v:handles></v:shapetype><v:shape id="_x0000_s1150" type="#_x0000_t76" style="position:absolute;left:5669;top:5280;width:1271;height:1254"/><v:shapetype id="_x0000_t69" coordsize="21600,21600" o:spt="69" adj="4320,5400" path="m,10800l@0,21600@0@3@2@3@2,21600,21600,10800@2,0@2@1@0@1@0,xe"><v:stroke joinstyle="miter"/><v:formulas><v:f eqn="val #0"/><v:f eqn="val #1"/><v:f eqn="sum 21600 0 #0"/><v:f eqn="sum 21600 0 #1"/><v:f eqn="prod #0 #1 10800"/><v:f eqn="sum #0 0 @4"/><v:f eqn="sum 21600 0 @5"/></v:formulas><v:path o:connecttype="custom" o:connectlocs="@2,0;10800,@1;@0,0;0,10800;@0,21600;10800,@3;@2,21600;21600,10800" o:connectangles="270,270,270,180,90,90,90,0" textboxrect="@5,@1,@6,@3"/><v:handles><v:h position="#0,#1" xrange="0,10800" yrange="0,10800"/></v:handles></v:shapetype><v:shape id="_x0000_s1151" type="#_x0000_t69" style="position:absolute;left:4257;top:5698;width:1271;height:418"/><v:shapetype id="_x0000_t66" coordsize="21600,21600" o:spt="66" adj="5400,5400" path="m@0,l@0@1,21600@1,21600@2@0@2@0,21600,,10800xe"><v:stroke joinstyle="miter"/><v:formulas><v:f eqn="val #0"/><v:f eqn="val #1"/><v:f eqn="sum 21600 0 #1"/><v:f eqn="prod #0 #1 10800"/><v:f eqn="sum #0 0 @3"/></v:formulas><v:path o:connecttype="custom" o:connectlocs="@0,0;0,10800;@0,21600;21600,10800" o:connectangles="270,180,90,0" textboxrect="@4,@1,21600,@2"/><v:handles><v:h position="#0,#1" xrange="0,21600" yrange="0,10800"/></v:handles></v:shapetype><v:shape id="_x0000_s1152" type="#_x0000_t66" style="position:absolute;left:3552;top:5698;width:564;height:418"/><v:shapetype id="_x0000_t182" coordsize="21600,21600" o:spt="182" adj="6480,8640,6171" path="m10800,l@0@2@1@2@1@6@7@6@7@5,0@8@7,21600@7@9@10@9@10,21600,21600@8@10@5@10@6@4@6@4@2@3@2xe"><v:stroke joinstyle="miter"/><v:formulas><v:f eqn="val #0"/><v:f eqn="val #1"/><v:f eqn="val #2"/><v:f eqn="sum 21600 0 #0"/><v:f eqn="sum 21600 0 #1"/><v:f eqn="prod @0 21600 @3"/><v:f eqn="prod @1 21600 @3"/><v:f eqn="prod @2 @3 21600"/><v:f eqn="prod 10800 21600 @3"/><v:f eqn="prod @4 21600 @3"/><v:f eqn="sum 21600 0 @7"/><v:f eqn="sum @5 0 @8"/><v:f eqn="sum @6 0 @8"/><v:f eqn="prod @12 @7 @11"/><v:f eqn="sum 21600 0 @13"/><v:f eqn="sum @0 0 10800"/><v:f eqn="sum @1 0 10800"/><v:f eqn="prod @2 @16 @15"/></v:formulas><v:path o:connecttype="custom" o:connectlocs="10800,0;0,@8;10800,@9;21600,@8" o:connectangles="270,180,90,0" textboxrect="@13,@6,@14,@9;@1,@17,@4,@9"/><v:handles><v:h position="#0,topLeft" xrange="@2,@1"/><v:h position="#1,#2" xrange="@0,10800" yrange="0,@5"/></v:handles></v:shapetype><v:shape id="_x0000_s1153" type="#_x0000_t182" style="position:absolute;left:2640;top:5626;width:975;height:564;rotation:90"/><v:shapetype id="_x0000_t80" coordsize="21600,21600" o:spt="80" adj="14400,5400,18000,8100" path="m,l21600,,21600@0@5@0@5@2@4@2,10800,21600@1@2@3@2@3@0,0@0xe"><v:stroke joinstyle="miter"/><v:formulas><v:f eqn="val #0"/><v:f eqn="val #1"/><v:f eqn="val #2"/><v:f eqn="val #3"/><v:f eqn="sum 21600 0 #1"/><v:f eqn="sum 21600 0 #3"/><v:f eqn="prod #0 1 2"/></v:formulas><v:path o:connecttype="custom" o:connectlocs="10800,0;0,@6;10800,21600;21600,@6" o:connectangles="270,180,90,0" textboxrect="0,0,21600,@0"/><v:handles><v:h position="topLeft,#0" yrange="0,@2"/><v:h position="#1,bottomRight" xrange="0,@3"/><v:h position="#3,#2" xrange="@1,10800" yrange="@0,21600"/></v:handles></v:shapetype><v:shape id="_x0000_s1155" type="#_x0000_t80" style="position:absolute;left:2705;top:4444;width:564;height:836"/><v:shapetype id="_x0000_t90" coordsize="21600,21600" o:spt="90" adj="9257,18514,7200" path="m@4,l@0@2@5@2@5@12,0@12,,21600@1,21600@1@2,21600@2xe"><v:stroke joinstyle="miter"/><v:formulas><v:f eqn="val #0"/><v:f eqn="val #1"/><v:f eqn="val #2"/><v:f eqn="prod #0 1 2"/><v:f eqn="sum @3 10800 0"/><v:f eqn="sum 21600 #0 #1"/><v:f eqn="sum #1 #2 0"/><v:f eqn="prod @6 1 2"/><v:f eqn="prod #1 2 1"/><v:f eqn="sum @8 0 21600"/><v:f eqn="prod 21600 @0 @1"/><v:f eqn="prod 21600 @4 @1"/><v:f eqn="prod 21600 @5 @1"/><v:f eqn="prod 21600 @7 @1"/><v:f eqn="prod #1 1 2"/><v:f eqn="sum @5 0 @4"/><v:f eqn="sum @0 0 @4"/><v:f eqn="prod @2 @15 @16"/></v:formulas><v:path o:connecttype="custom" o:connectlocs="@4,0;@0,@2;0,@11;@14,21600;@1,@13;21600,@2" o:connectangles="270,180,180,90,0,0" textboxrect="0,@12,@1,21600;@5,@17,@1,21600"/><v:handles><v:h position="#0,topLeft" xrange="@2,@9"/><v:h position="#1,#2" xrange="@4,21600" yrange="0,@0"/></v:handles></v:shapetype><v:shape id="_x0000_s1156" type="#_x0000_t90" style="position:absolute;left:2920;top:6601;width:697;height:564;rotation:90"/><v:shapetype id="_x0000_t15" coordsize="21600,21600" o:spt="15" adj="16200" path="m@0,l,,,21600@0,21600,21600,10800xe"><v:stroke joinstyle="miter"/><v:formulas><v:f eqn="val #0"/><v:f eqn="prod #0 1 2"/></v:formulas><v:path gradientshapeok="t" o:connecttype="custom" o:connectlocs="@1,0;0,10800;@1,21600;21600,10800" o:connectangles="270,180,90,0" textboxrect="0,0,10800,21600;0,0,16200,21600;0,0,21600,21600"/><v:handles><v:h position="#0,topLeft" xrange="0,21600"/></v:handles></v:shapetype><v:shape id="_x0000_s1157" type="#_x0000_t15" style="position:absolute;left:3693;top:6952;width:847;height:140"/><v:shapetype id="_x0000_t55" coordsize="21600,21600" o:spt="55" adj="16200" path="m@0,l,0@1,10800,,21600@0,21600,21600,10800xe"><v:stroke joinstyle="miter"/><v:formulas><v:f eqn="val #0"/><v:f eqn="sum 21600 0 @0"/><v:f eqn="prod #0 1 2"/></v:formulas><v:path o:connecttype="custom" o:connectlocs="@2,0;@1,10800;@2,21600;21600,10800" o:connectangles="270,180,90,0" textboxrect="0,0,10800,21600;0,0,16200,21600;0,0,21600,21600"/><v:handles><v:h position="#0,topLeft" xrange="0,21600"/></v:handles></v:shapetype><v:shape id="_x0000_s1158" type="#_x0000_t55" style="position:absolute;left:4540;top:6952;width:847;height:141"/><v:shape id="_x0000_s1159" type="#_x0000_t182" style="position:absolute;left:5528;top:6674;width:1553;height:418"/><v:shapetype id="_x0000_t81" coordsize="21600,21600" o:spt="81" adj="5400,5400,2700,8100" path="m@0,l@0@3@2@3@2@1,,10800@2@4@2@5@0@5@0,21600@8,21600@8@5@9@5@9@4,21600,10800@9@1@9@3@8@3@8,xe"><v:stroke joinstyle="miter"/><v:formulas><v:f eqn="val #0"/><v:f eqn="val #1"/><v:f eqn="val #2"/><v:f eqn="val #3"/><v:f eqn="sum 21600 0 #1"/><v:f eqn="sum 21600 0 #3"/><v:f eqn="sum #0 21600 0"/><v:f eqn="prod @6 1 2"/><v:f eqn="sum 21600 0 #0"/><v:f eqn="sum 21600 0 #2"/></v:formulas><v:path o:connecttype="custom" o:connectlocs="10800,0;0,10800;10800,21600;21600,10800" o:connectangles="270,180,90,0" textboxrect="@0,0,@8,21600"/><v:handles><v:h position="#0,topLeft" xrange="@2,10800"/><v:h position="topLeft,#1" yrange="0,@3"/><v:h position="#2,#3" xrange="0,@0" yrange="@1,10800"/></v:handles></v:shapetype><v:shape id="_x0000_s1162" type="#_x0000_t81" style="position:absolute;left:7081;top:4723;width:988;height:2509" adj="8205,,5537,8297"/><v:shapetype id="_x0000_t78" coordsize="21600,21600" o:spt="78" adj="14400,5400,18000,8100" path="m,l,21600@0,21600@0@5@2@5@2@4,21600,10800@2@1@2@3@0@3@0,xe"><v:stroke joinstyle="miter"/><v:formulas><v:f eqn="val #0"/><v:f eqn="val #1"/><v:f eqn="val #2"/><v:f eqn="val #3"/><v:f eqn="sum 21600 0 #1"/><v:f eqn="sum 21600 0 #3"/><v:f eqn="prod #0 1 2"/></v:formulas><v:path o:connecttype="custom" o:connectlocs="@6,0;0,10800;@6,21600;21600,10800" o:connectangles="270,180,90,0" textboxrect="0,0,@0,21600"/><v:handles><v:h position="#0,topLeft" xrange="0,@2"/><v:h position="bottomRight,#1" yrange="0,@3"/><v:h position="#2,#3" xrange="@0,21600" yrange="@1,10800"/></v:handles></v:shapetype><v:shape id="_x0000_s1163" type="#_x0000_t78" style="position:absolute;left:8210;top:4723;width:565;height:2510" adj="7468,,13892,8497"/><v:shapetype id="_x0000_t93" coordsize="21600,21600" o:spt="93" adj="16200,5400" path="m@0,l@0@1,3375@1,3375@2@0@2@0,21600,21600,10800xem1350@1l1350@2,2700@2,2700@1xem0@1l0@2,675@2,675@1xe"><v:stroke joinstyle="miter"/><v:formulas><v:f eqn="val #0"/><v:f eqn="val #1"/><v:f eqn="sum height 0 #1"/><v:f eqn="sum 10800 0 #1"/><v:f eqn="sum width 0 #0"/><v:f eqn="prod @4 @3 10800"/><v:f eqn="sum width 0 @5"/></v:formulas><v:path o:connecttype="custom" o:connectlocs="@0,0;0,10800;@0,21600;21600,10800" o:connectangles="270,180,90,0" textboxrect="3375,@1,@6,@2"/><v:handles><v:h position="#0,#1" xrange="3375,21600" yrange="0,10800"/></v:handles></v:shapetype><v:shape id="_x0000_s1164" type="#_x0000_t93" style="position:absolute;left:3410;top:4444;width:2055;height:593;rotation:180"/><v:shapetype id="_x0000_t89" coordsize="21600,21600" o:spt="89" adj="9257,18514,6171" path="m@4,l@0@2@5@2@5@5@2@5@2@0,0@4@2,21600@2@1@1@1@1@2,21600@2xe"><v:stroke joinstyle="miter"/><v:formulas><v:f eqn="val #0"/><v:f eqn="val #1"/><v:f eqn="val #2"/><v:f eqn="prod #0 1 2"/><v:f eqn="sum @3 10800 0"/><v:f eqn="sum 21600 #0 #1"/><v:f eqn="sum #1 #2 0"/><v:f eqn="prod @6 1 2"/><v:f eqn="prod #1 2 1"/><v:f eqn="sum @8 0 21600"/><v:f eqn="sum @5 0 @4"/><v:f eqn="sum #0 0 @4"/><v:f eqn="prod @2 @10 @11"/></v:formulas><v:path o:connecttype="custom" o:connectlocs="@4,0;@0,@2;@2,@0;0,@4;@2,21600;@7,@1;@1,@7;21600,@2" o:connectangles="270,180,270,180,90,90,0,0" textboxrect="@12,@5,@1,@1;@5,@12,@1,@1"/><v:handles><v:h position="#0,topLeft" xrange="@2,@9"/><v:h position="#1,#2" xrange="@4,21600" yrange="0,@0"/></v:handles></v:shapetype><v:shape id="_x0000_s1165" type="#_x0000_t89" style="position:absolute;left:5813;top:4298;width:559;height:1129;rotation:270"/><w10:wrap type="none"/><w10:anchorlock/></v:group></w:pict></w:r></w:p><w:p wsp:rsidR="00473973" wsp:rsidRDefault="00473973" wsp:rsidP="00F01897"><w:pPr><w:snapToGrid w:val="off"/><w:rPr><w:lang w:val="EN-US"/></w:rPr></w:pPr></w:p><w:p wsp:rsidR="00473973" wsp:rsidRDefault="000764AF" wsp:rsidP="00F01897"><w:pPr><w:snapToGrid w:val="off"/><w:rPr><w:lang w:val="EN-US"/></w:rPr></w:pPr><w:r><w:rPr><w:i/><w:lang w:val="EN-US"/></w:rPr><w:br w:type="page"/></w:r><w:r wsp:rsidR="00637F5E" wsp:rsidRPr="00637F5E"><w:rPr><w:i/><w:lang w:val="EN-US"/></w:rPr><w:t>Flowchart</w:t></w:r><w:r wsp:rsidR="00637F5E"><w:rPr><w:lang w:val="EN-US"/></w:rPr><w:t> and </w:t></w:r><w:r wsp:rsidR="00637F5E" wsp:rsidRPr="00637F5E"><w:rPr><w:i/><w:lang w:val="EN-US"/></w:rPr><w:t>Connectors</w:t></w:r><w:r wsp:rsidR="00637F5E"><w:rPr><w:lang w:val="EN-US"/></w:rPr><w:t> sections</w:t></w:r><w:r wsp:rsidR="00B62554"><w:rPr><w:lang w:val="EN-US"/></w:rPr><w:t> elements</w:t></w:r></w:p><w:p wsp:rsidR="00637F5E" wsp:rsidRDefault="00EA448B" wsp:rsidP="00F01897"><w:pPr><w:snapToGrid w:val="off"/><w:rPr><w:lang w:val="EN-US"/></w:rPr></w:pPr><w:r wsp:rsidRPr="00EA448B"><w:rPr><w:lang w:val="EN-US"/></w:rPr></w:r><w:r wsp:rsidRPr="00EA448B"><w:rPr><w:lang w:val="EN-US"/></w:rPr><w:pict><v:group id="_x0000_s1167" editas="canvas" style="width:459pt;height:342pt;mso-position-horizontal-relative:char;mso-position-vertical-relative:line" coordorigin="2281,2661" coordsize="7200,5295"><o:lock v:ext="edit" aspectratio="t"/><v:shape id="_x0000_s1166" type="#_x0000_t75" style="position:absolute;left:2281;top:2661;width:7200;height:5295" o:preferrelative="f"><v:fill o:detectmouseclick="t"/><v:path o:extrusionok="t" o:connecttype="none"/></v:shape><v:shapetype id="_x0000_t116" coordsize="21600,21600" o:spt="116" path="m3475,qx,10800,3475,21600l18125,21600qx21600,10800,18125,xe"><v:stroke joinstyle="miter"/><v:path gradientshapeok="t" o:connecttype="rect" textboxrect="1018,3163,20582,18437"/></v:shapetype><v:shape id="_x0000_s1168" type="#_x0000_t116" style="position:absolute;left:5246;top:2800;width:1270;height:418"><v:textbox><w:txbxContent><w:p wsp:rsidR="006916F7" wsp:rsidRPr="006916F7" wsp:rsidRDefault="006916F7" wsp:rsidP="006916F7"><w:pPr><w:jc w:val="center"/><w:rPr><w:lang w:val="EN-US"/></w:rPr></w:pPr><w:r><w:rPr><w:lang w:val="EN-US"/></w:rPr><w:t>Begin</w:t></w:r></w:p></w:txbxContent></v:textbox></v:shape><v:shape id="_x0000_s1169" type="#_x0000_t116" style="position:absolute;left:5245;top:7399;width:1271;height:415"><v:textbox><w:txbxContent><w:p wsp:rsidR="006916F7" wsp:rsidRPr="006916F7" wsp:rsidRDefault="006916F7" wsp:rsidP="006916F7"><w:pPr><w:jc w:val="center"/><w:rPr><w:lang w:val="EN-US"/></w:rPr></w:pPr><w:r><w:rPr><w:lang w:val="EN-US"/></w:rPr><w:t>End</w:t></w:r></w:p></w:txbxContent></v:textbox></v:shape><v:shapetype id="_x0000_t110" coordsize="21600,21600" o:spt="110" path="m10800,l,10800,10800,21600,21600,10800xe"><v:stroke joinstyle="miter"/><v:path gradientshapeok="t" o:connecttype="rect" textboxrect="5400,5400,16200,16200"/></v:shapetype><v:shape id="_x0000_s1170" type="#_x0000_t110" style="position:absolute;left:5246;top:4891;width:1270;height:743"><v:textbox><w:txbxContent><w:p wsp:rsidR="009943C8" wsp:rsidRPr="009943C8" wsp:rsidRDefault="009943C8" wsp:rsidP="001A19D5"><w:pPr><w:jc w:val="center"/><w:rPr><w:lang w:val="EN-US"/></w:rPr></w:pPr><w:r><w:rPr><w:lang w:val="EN-US"/></w:rPr><w:t>i &gt; 1</w:t></w:r></w:p></w:txbxContent></v:textbox></v:shape><v:shapetype id="_x0000_t109" coordsize="21600,21600" o:spt="109" path="m,l,21600r21600,l21600,xe"><v:stroke joinstyle="miter"/><v:path gradientshapeok="t" o:connecttype="rect"/></v:shapetype><v:shape id="_x0000_s1171" type="#_x0000_t109" style="position:absolute;left:5246;top:4194;width:1271;height:419"><v:textbox><w:txbxContent><w:p wsp:rsidR="00290600" wsp:rsidRPr="00290600" wsp:rsidRDefault="00290600"><w:pPr><w:rPr><w:lang w:val="EN-US"/></w:rPr></w:pPr><w:r><w:rPr><w:lang w:val="EN-US"/></w:rPr><w:t>i=N; F=1;</w:t></w:r></w:p></w:txbxContent></v:textbox></v:shape><v:shapetype id="_x0000_t111" coordsize="21600,21600" o:spt="111" path="m4321,l21600,,17204,21600,,21600xe"><v:stroke joinstyle="miter"/><v:path gradientshapeok="t" o:connecttype="custom" o:connectlocs="12961,0;10800,0;2161,10800;8602,21600;10800,21600;19402,10800" textboxrect="4321,0,17204,21600"/></v:shapetype><v:shape id="_x0000_s1172" type="#_x0000_t111" style="position:absolute;left:5105;top:3497;width:1552;height:418"><v:textbox><w:txbxContent><w:p wsp:rsidR="00642035" wsp:rsidRPr="00642035" wsp:rsidRDefault="00642035" wsp:rsidP="001A19D5"><w:pPr><w:jc w:val="center"/><w:rPr><w:lang w:val="EN-US"/></w:rPr></w:pPr><w:r><w:rPr><w:lang w:val="EN-US"/></w:rPr><w:t>N</w:t></w:r></w:p></w:txbxContent></v:textbox></v:shape><v:shape id="_x0000_s1173" type="#_x0000_t111" style="position:absolute;left:5105;top:6702;width:1550;height:418"><v:textbox><w:txbxContent><w:p wsp:rsidR="00642035" wsp:rsidRPr="00642035" wsp:rsidRDefault="00642035" wsp:rsidP="001A19D5"><w:pPr><w:jc w:val="center"/><w:rPr><w:lang w:val="EN-US"/></w:rPr></w:pPr><w:r><w:rPr><w:lang w:val="EN-US"/></w:rPr><w:t>F</w:t></w:r></w:p></w:txbxContent></v:textbox></v:shape><v:shape id="_x0000_s1174" type="#_x0000_t109" style="position:absolute;left:5246;top:5866;width:1272;height:420"><v:textbox><w:txbxContent><w:p wsp:rsidR="009B2FDB" wsp:rsidRPr="009B2FDB" wsp:rsidRDefault="009B2FDB"><w:pPr><w:rPr><w:lang w:val="EN-US"/></w:rPr></w:pPr><w:r><w:rPr><w:lang w:val="EN-US"/></w:rPr><w:t>F=F*i; i=i-1</w:t></w:r></w:p></w:txbxContent></v:textbox></v:shape><v:shapetype id="_x0000_t32" coordsize="21600,21600" o:spt="32" o:oned="t" path="m,l21600,21600e" filled="f"><v:path arrowok="t" fillok="f" o:connecttype="none"/><o:lock v:ext="edit" shapetype="t"/></v:shapetype><v:shape id="_x0000_s1175" type="#_x0000_t32" style="position:absolute;left:5881;top:3218;width:1;height:279" o:connectortype="straight"><v:stroke endarrow="block"/></v:shape><v:shape id="_x0000_s1176" type="#_x0000_t32" style="position:absolute;left:5881;top:3915;width:1;height:279" o:connectortype="straight"><v:stroke endarrow="block"/></v:shape><v:shape id="_x0000_s1177" type="#_x0000_t32" style="position:absolute;left:5881;top:4613;width:1;height:278;flip:x" o:connectortype="straight"><v:stroke endarrow="block"/></v:shape><v:shape id="_x0000_s1178" type="#_x0000_t32" style="position:absolute;left:5881;top:5634;width:1;height:232" o:connectortype="straight"><v:stroke endarrow="block"/></v:shape><v:shape id="_x0000_s1180" type="#_x0000_t32" style="position:absolute;left:5880;top:7120;width:1;height:279" o:connectortype="straight"><v:stroke endarrow="block"/></v:shape><v:shapetype id="_x0000_t35" coordsize="21600,21600" o:spt="35" o:oned="t" adj="10800,10800" path="m,l@0,0@0@1,21600@1,21600,21600e" filled="f"><v:stroke joinstyle="miter"/><v:formulas><v:f eqn="val #0"/><v:f eqn="val #1"/><v:f eqn="mid #0 width"/><v:f eqn="prod #1 1 2"/></v:formulas><v:path arrowok="t" fillok="f" o:connecttype="none"/><v:handles><v:h position="#0,@3"/><v:h position="@2,#1"/></v:handles><o:lock v:ext="edit" shapetype="t"/></v:shapetype><v:shape id="_x0000_s1182" type="#_x0000_t35" style="position:absolute;left:5880;top:5263;width:636;height:1439;flip:x" o:connectortype="elbow" adj="-17579,18962,189127"><v:stroke endarrow="block"/></v:shape><v:shape id="_x0000_s1186" type="#_x0000_t35" style="position:absolute;left:5246;top:5263;width:636;height:1023;rotation:180;flip:x y" o:connectortype="elbow" adj="-9588,24524,145980"><v:stroke startarrow="block"/></v:shape><v:shapetype id="_x0000_t202" coordsize="21600,21600" o:spt="202" path="m,l,21600r21600,l21600,xe"><v:stroke joinstyle="miter"/><v:path gradientshapeok="t" o:connecttype="rect"/></v:shapetype><v:shape id="_x0000_s1187" type="#_x0000_t202" style="position:absolute;left:6154;top:5487;width:564;height:309" stroked="f"><v:textbox><w:txbxContent><w:p wsp:rsidR="0086052D" wsp:rsidRPr="0086052D" wsp:rsidRDefault="0086052D"><w:pPr><w:rPr><w:lang w:val="EN-US"/></w:rPr></w:pPr><w:r><w:rPr><w:lang w:val="EN-US"/></w:rPr><w:t>Yes</w:t></w:r></w:p></w:txbxContent></v:textbox></v:shape><v:shape id="_x0000_s1188" type="#_x0000_t202" style="position:absolute;left:6516;top:4890;width:564;height:280" stroked="f"><v:textbox><w:txbxContent><w:p wsp:rsidR="0086052D" wsp:rsidRPr="0086052D" wsp:rsidRDefault="0086052D"><w:pPr><w:rPr><w:lang w:val="EN-US"/></w:rPr></w:pPr><w:r><w:rPr><w:lang w:val="EN-US"/></w:rPr><w:t>No</w:t></w:r></w:p></w:txbxContent></v:textbox></v:shape><w10:wrap type="none"/><w10:anchorlock/></v:group></w:pict></w:r></w:p><w:p wsp:rsidR="00A7037B" wsp:rsidRDefault="00A7037B" wsp:rsidP="00F01897"><w:pPr><w:snapToGrid w:val="off"/><w:rPr><w:lang w:val="EN-US"/></w:rPr></w:pPr></w:p><w:p wsp:rsidR="00A7037B" wsp:rsidRDefault="00A7037B" wsp:rsidP="00F01897"><w:pPr><w:snapToGrid w:val="off"/><w:rPr><w:lang w:val="EN-US"/></w:rPr></w:pPr><w:r wsp:rsidRPr="006C093D"><w:rPr><w:i/><w:lang w:val="EN-US"/></w:rPr><w:t>Stars and Banners</w:t></w:r><w:r><w:rPr><w:lang w:val="EN-US"/></w:rPr><w:t> section</w:t></w:r><w:r wsp:rsidR="00B62554"><w:rPr><w:lang w:val="EN-US"/></w:rPr><w:t> elements</w:t></w:r></w:p><w:p wsp:rsidR="00A7037B" wsp:rsidRDefault="00EA448B" wsp:rsidP="00F01897"><w:pPr><w:snapToGrid w:val="off"/><w:rPr><w:lang w:val="EN-US"/></w:rPr></w:pPr><w:r wsp:rsidRPr="00EA448B"><w:rPr><w:lang w:val="EN-US"/></w:rPr></w:r><w:r wsp:rsidRPr="00EA448B"><w:rPr><w:lang w:val="EN-US"/></w:rPr><w:pict><v:group id="_x0000_s1190" editas="canvas" style="width:459pt;height:279pt;mso-position-horizontal-relative:char;mso-position-vertical-relative:line" coordorigin="2281,3928" coordsize="7200,4320"><o:lock v:ext="edit" aspectratio="t"/><v:shape id="_x0000_s1189" type="#_x0000_t75" style="position:absolute;left:2281;top:3928;width:7200;height:4320" o:preferrelative="f"><v:fill o:detectmouseclick="t"/><v:path o:extrusionok="t" o:connecttype="none"/></v:shape><v:shapetype id="_x0000_t71" coordsize="21600,21600" o:spt="71" path="m10800,5800l8352,2295,7312,6320,370,2295,4627,7617,,8615r3722,3160l135,14587r5532,-650l4762,17617,7715,15627r770,5973l10532,14935r2715,4802l14020,14457r4125,3638l16837,12942r4763,348l17607,10475,21097,8137,16702,7315,18380,4457r-4225,868l14522,xe"><v:stroke joinstyle="miter"/><v:path gradientshapeok="t" o:connecttype="custom" o:connectlocs="14522,0;0,8615;8485,21600;21600,13290" o:connectangles="270,180,90,0" textboxrect="4627,6320,16702,13937"/></v:shapetype><v:shape id="_x0000_s1191" type="#_x0000_t71" style="position:absolute;left:3128;top:4625;width:1129;height:1115"/><v:shapetype id="_x0000_t72" coordsize="21600,21600" o:spt="72" path="m11462,4342l9722,1887,8550,6382,4502,3625r870,4192l1172,8270r2763,3322l,12877r3330,2493l1285,17825r3520,415l4917,21600,7527,18125r1173,1587l9872,17370r1740,1472l12180,15935r2762,1435l14640,14350r4237,1282l16380,12310r1890,-1020l16985,9402,21600,6645,16380,6532,18007,3172,14525,5777,14790,xe"><v:stroke joinstyle="miter"/><v:path gradientshapeok="t" o:connecttype="custom" o:connectlocs="9722,1887;0,12877;11612,18842;21600,6645" o:connectangles="270,180,90,0" textboxrect="5372,6382,14640,15935"/></v:shapetype><v:shape id="_x0000_s1192" type="#_x0000_t72" style="position:absolute;left:4963;top:4207;width:989;height:836"/><v:shapetype id="_x0000_t187" coordsize="21600,21600" o:spt="187" adj="8100" path="m21600,10800l@2@3,10800,0@3@3,,10800@3@2,10800,21600@2@2xe"><v:stroke joinstyle="miter"/><v:formulas><v:f eqn="sum 10800 0 #0"/><v:f eqn="prod @0 23170 32768"/><v:f eqn="sum @1 10800 0"/><v:f eqn="sum 10800 0 @1"/></v:formulas><v:path gradientshapeok="t" o:connecttype="rect" textboxrect="@3,@3,@2,@2"/><v:handles><v:h position="#0,center" xrange="0,10800"/></v:handles></v:shapetype><v:shape id="_x0000_s1193" type="#_x0000_t187" style="position:absolute;left:3552;top:5879;width:1129;height:1114"/><v:shapetype id="_x0000_t12" coordsize="21600,21600" o:spt="12" path="m10800,l8280,8259,,8259r6720,5146l4200,21600r6600,-5019l17400,21600,14880,13405,21600,8259r-8280,xe"><v:stroke joinstyle="miter"/><v:path gradientshapeok="t" o:connecttype="custom" o:connectlocs="10800,0;0,8259;4200,21600;17400,21600;21600,8259" textboxrect="6720,8259,14880,15628"/></v:shapetype><v:shape id="_x0000_s1194" type="#_x0000_t12" style="position:absolute;left:7363;top:5461;width:847;height:838"/><v:shapetype id="_x0000_t58" coordsize="21600,21600" o:spt="58" adj="2538" path="m21600,10800l@3@6,18436,3163@4@5,10800,0@6@5,3163,3163@5@6,,10800@5@4,3163,18436@6@3,10800,21600@4@3,18436,18436@3@4xe"><v:stroke joinstyle="miter"/><v:formulas><v:f eqn="sum 10800 0 #0"/><v:f eqn="prod @0 30274 32768"/><v:f eqn="prod @0 12540 32768"/><v:f eqn="sum @1 10800 0"/><v:f eqn="sum @2 10800 0"/><v:f eqn="sum 10800 0 @1"/><v:f eqn="sum 10800 0 @2"/><v:f eqn="prod @0 23170 32768"/><v:f eqn="sum @7 10800 0"/><v:f eqn="sum 10800 0 @7"/></v:formulas><v:path gradientshapeok="t" o:connecttype="rect" textboxrect="@9,@9,@8,@8"/><v:handles><v:h position="#0,center" xrange="0,10800"/></v:handles></v:shapetype><v:shape id="_x0000_s1195" type="#_x0000_t58" style="position:absolute;left:6375;top:4346;width:988;height:836"/><v:shapetype id="_x0000_t59" coordsize="21600,21600" o:spt="59" adj="2700" path="m21600,10800l@5@10,20777,6667@7@12,18436,3163@8@11,14932,822@6@9,10800,0@10@9,6667,822@12@11,3163,3163@11@12,822,6667@9@10,,10800@9@6,822,14932@11@8,3163,18436@12@7,6667,20777@10@5,10800,21600@6@5,14932,20777@8@7,18436,18436@7@8,20777,14932@5@6xe"><v:stroke joinstyle="miter"/><v:formulas><v:f eqn="sum 10800 0 #0"/><v:f eqn="prod @0 32138 32768"/><v:f eqn="prod @0 6393 32768"/><v:f eqn="prod @0 27246 32768"/><v:f eqn="prod @0 18205 32768"/><v:f eqn="sum @1 10800 0"/><v:f eqn="sum @2 10800 0"/><v:f eqn="sum @3 10800 0"/><v:f eqn="sum @4 10800 0"/><v:f eqn="sum 10800 0 @1"/><v:f eqn="sum 10800 0 @2"/><v:f eqn="sum 10800 0 @3"/><v:f eqn="sum 10800 0 @4"/><v:f eqn="prod @0 23170 32768"/><v:f eqn="sum @13 10800 0"/><v:f eqn="sum 10800 0 @13"/></v:formulas><v:path gradientshapeok="t" o:connecttype="rect" textboxrect="@15,@15,@14,@14"/><v:handles><v:h position="#0,center" xrange="0,10800"/></v:handles></v:shapetype><v:shape id="_x0000_s1196" type="#_x0000_t59" style="position:absolute;left:7363;top:6715;width:989;height:836"/><v:shapetype id="_x0000_t60" coordsize="21600,21600" o:spt="60" adj="2700" path="m21600,10800l@9@18,21392,8693@11@20,20777,6667@13@22,19780,4800@15@24,18436,3163@16@23,16800,1820@14@21,14932,822@12@19,12907,208@10@17,10800,0@18@17,8693,208@20@19,6667,822@22@21,4800,1820@24@23,3163,3163@23@24,1820,4800@21@22,822,6667@19@20,208,8693@17@18,,10800@17@10,208,12907@19@12,822,14932@21@14,1820,16800@23@16,3163,18436@24@15,4800,19780@22@13,6667,20777@20@11,8693,21392@18@9,10800,21600@10@9,12907,21392@12@11,14932,20777@14@13,16800,19780@16@15,18436,18436@15@16,19780,16800@13@14,20777,14932@11@12,21392,12907@9@10xe"><v:stroke joinstyle="miter"/><v:formulas><v:f eqn="sum 10800 0 #0"/><v:f eqn="prod @0 32610 32768"/><v:f eqn="prod @0 3212 32768"/><v:f eqn="prod @0 31357 32768"/><v:f eqn="prod @0 9512 32768"/><v:f eqn="prod @0 28899 32768"/><v:f eqn="prod @0 15447 32768"/><v:f eqn="prod @0 25330 32768"/><v:f eqn="prod @0 20788 32768"/><v:f eqn="sum @1 10800 0"/><v:f eqn="sum @2 10800 0"/><v:f eqn="sum @3 10800 0"/><v:f eqn="sum @4 10800 0"/><v:f eqn="sum @5 10800 0"/><v:f eqn="sum @6 10800 0"/><v:f eqn="sum @7 10800 0"/><v:f eqn="sum @8 10800 0"/><v:f eqn="sum 10800 0 @1"/><v:f eqn="sum 10800 0 @2"/><v:f eqn="sum 10800 0 @3"/><v:f eqn="sum 10800 0 @4"/><v:f eqn="sum 10800 0 @5"/><v:f eqn="sum 10800 0 @6"/><v:f eqn="sum 10800 0 @7"/><v:f eqn="sum 10800 0 @8"/><v:f eqn="prod @0 23170 32768"/><v:f eqn="sum @25 10800 0"/><v:f eqn="sum 10800 0 @25"/></v:formulas><v:path gradientshapeok="t" o:connecttype="rect" textboxrect="@27,@27,@26,@26"/><v:handles><v:h position="#0,center" xrange="0,10800"/></v:handles></v:shapetype><v:shape id="_x0000_s1197" type="#_x0000_t60" style="position:absolute;left:2846;top:6994;width:988;height:697"/><v:shapetype id="_x0000_t54" coordsize="21600,21600" o:spt="54" adj="5400,18900" path="m0@29l@3@29qx@4@19l@4@10@5@10@5@19qy@6@29l@28@29@26@22@28@23@9@23@9@24qy@8,l@1,qx@0@24l@0@23,0@23,2700@22xem@4@19nfqy@3@20l@1@20qx@0@21@1@10l@4@10em@5@19nfqy@6@20l@8@20qx@9@21@8@10l@5@10em@0@21nfl@0@23em@9@21nfl@9@23e"><v:formulas><v:f eqn="val #0"/><v:f eqn="sum @0 675 0"/><v:f eqn="sum @1 675 0"/><v:f eqn="sum @2 675 0"/><v:f eqn="sum @3 675 0"/><v:f eqn="sum width 0 @4"/><v:f eqn="sum width 0 @3"/><v:f eqn="sum width 0 @2"/><v:f eqn="sum width 0 @1"/><v:f eqn="sum width 0 @0"/><v:f eqn="val #1"/><v:f eqn="prod @10 1 4"/><v:f eqn="prod @10 1 2"/><v:f eqn="prod @10 3 4"/><v:f eqn="prod height 3 4"/><v:f eqn="prod height 1 2"/><v:f eqn="prod height 1 4"/><v:f eqn="prod height 3 2"/><v:f eqn="prod height 2 3"/><v:f eqn="sum @11 @14 0"/><v:f eqn="sum @12 @15 0"/><v:f eqn="sum @13 @16 0"/><v:f eqn="sum @17 0 @20"/><v:f eqn="sum height 0 @10"/><v:f eqn="sum height 0 @19"/><v:f eqn="prod width 1 2"/><v:f eqn="sum width 0 2700"/><v:f eqn="sum @25 0 2700"/><v:f eqn="val width"/><v:f eqn="val height"/></v:formulas><v:path o:extrusionok="f" o:connecttype="custom" o:connectlocs="@25,0;2700,@22;@25,@10;@26,@22" o:connectangles="270,180,90,0" textboxrect="@0,0,@9,@10"/><v:handles><v:h position="#0,topLeft" xrange="2700,8100"/><v:h position="center,#1" yrange="14400,21600"/></v:handles><o:complex v:ext="view"/></v:shapetype><v:shape id="_x0000_s1198" type="#_x0000_t54" style="position:absolute;left:4963;top:5600;width:1694;height:558"/><v:shapetype id="_x0000_t97" coordsize="21600,21600" o:spt="97" adj="2700" path="m@5,qx@1@2l@1@0@2@0qx0@7@2,21600l@9,21600qx@10@7l@10@1@11@1qx21600@2@11,xem@5,nfqx@6@2@5@1@4@3@5@2l@6@2em@5@1nfl@10@1em@2,21600nfqx@1@7l@1@0em@2@0nfqx@3@8@2@7l@1@7e"><v:formulas><v:f eqn="sum height 0 #0"/><v:f eqn="val #0"/><v:f eqn="prod @1 1 2"/><v:f eqn="prod @1 3 4"/><v:f eqn="prod @1 5 4"/><v:f eqn="prod @1 3 2"/><v:f eqn="prod @1 2 1"/><v:f eqn="sum height 0 @2"/><v:f eqn="sum height 0 @3"/><v:f eqn="sum width 0 @5"/><v:f eqn="sum width 0 @1"/><v:f eqn="sum width 0 @2"/><v:f eqn="val height"/><v:f eqn="prod height 1 2"/><v:f eqn="prod width 1 2"/></v:formulas><v:path o:extrusionok="f" limo="10800,10800" o:connecttype="custom" o:connectlocs="@14,0;@1,@13;@14,@12;@10,@13" o:connectangles="270,180,90,0" textboxrect="@1,@1,@10,@7"/><v:handles><v:h position="topLeft,#0" yrange="0,5400"/></v:handles><o:complex v:ext="view"/></v:shapetype><v:shape id="_x0000_s1199" type="#_x0000_t97" style="position:absolute;left:5105;top:6576;width:1411;height:1115"/><w10:wrap type="none"/><w10:anchorlock/></v:group></w:pict></w:r></w:p><w:p wsp:rsidR="001502DF" wsp:rsidRDefault="001502DF" wsp:rsidP="00F01897"><w:pPr><w:snapToGrid w:val="off"/><w:rPr><w:lang w:val="EN-US"/></w:rPr></w:pPr><w:r><w:rPr><w:lang w:val="EN-US"/></w:rPr><w:br w:type="page"/></w:r><w:r wsp:rsidRPr="001502DF"><w:rPr><w:i/><w:lang w:val="EN-US"/></w:rPr><w:t>Callouts</w:t></w:r><w:r><w:rPr><w:lang w:val="EN-US"/></w:rPr><w:t> section</w:t></w:r><w:r wsp:rsidR="00B62554"><w:rPr><w:lang w:val="EN-US"/></w:rPr><w:t> elements</w:t></w:r></w:p><w:p wsp:rsidR="001502DF" wsp:rsidRDefault="00EA448B" wsp:rsidP="00F01897"><w:pPr><w:snapToGrid w:val="off"/><w:rPr><w:lang w:val="EN-US"/></w:rPr></w:pPr><w:r wsp:rsidRPr="00EA448B"><w:rPr><w:lang w:val="EN-US"/></w:rPr></w:r><w:r wsp:rsidRPr="00EA448B"><w:rPr><w:lang w:val="EN-US"/></w:rPr><w:pict><v:group id="_x0000_s1202" editas="canvas" style="width:459pt;height:306pt;mso-position-horizontal-relative:char;mso-position-vertical-relative:line" coordorigin="2281,4146" coordsize="7200,4738"><o:lock v:ext="edit" aspectratio="t"/><v:shape id="_x0000_s1201" type="#_x0000_t75" style="position:absolute;left:2281;top:4146;width:7200;height:4738" o:preferrelative="f"><v:fill o:detectmouseclick="t"/><v:path o:extrusionok="t" o:connecttype="none"/></v:shape><v:shapetype id="_x0000_t61" coordsize="21600,21600" o:spt="61" adj="1350,25920" path="m,l0@8@12@24,0@9,,21600@6,21600@15@27@7,21600,21600,21600,21600@9@18@30,21600@8,21600,0@7,0@21@33@6,xe"><v:stroke joinstyle="miter"/><v:formulas><v:f eqn="sum 10800 0 #0"/><v:f eqn="sum 10800 0 #1"/><v:f eqn="sum #0 0 #1"/><v:f eqn="sum @0 @1 0"/><v:f eqn="sum 21600 0 #0"/><v:f eqn="sum 21600 0 #1"/><v:f eqn="if @0 3600 12600"/><v:f eqn="if @0 9000 18000"/><v:f eqn="if @1 3600 12600"/><v:f eqn="if @1 9000 18000"/><v:f eqn="if @2 0 #0"/><v:f eqn="if @3 @10 0"/><v:f eqn="if #0 0 @11"/><v:f eqn="if @2 @6 #0"/><v:f eqn="if @3 @6 @13"/><v:f eqn="if @5 @6 @14"/><v:f eqn="if @2 #0 21600"/><v:f eqn="if @3 21600 @16"/><v:f eqn="if @4 21600 @17"/><v:f eqn="if @2 #0 @6"/><v:f eqn="if @3 @19 @6"/><v:f eqn="if #1 @6 @20"/><v:f eqn="if @2 @8 #1"/><v:f eqn="if @3 @22 @8"/><v:f eqn="if #0 @8 @23"/><v:f eqn="if @2 21600 #1"/><v:f eqn="if @3 21600 @25"/><v:f eqn="if @5 21600 @26"/><v:f eqn="if @2 #1 @8"/><v:f eqn="if @3 @8 @28"/><v:f eqn="if @4 @8 @29"/><v:f eqn="if @2 #1 0"/><v:f eqn="if @3 @31 0"/><v:f eqn="if #1 0 @32"/><v:f eqn="val #0"/><v:f eqn="val #1"/></v:formulas><v:path o:connecttype="custom" o:connectlocs="10800,0;0,10800;10800,21600;21600,10800;@34,@35"/><v:handles><v:h position="#0,#1"/></v:handles></v:shapetype><v:shape id="_x0000_s1203" type="#_x0000_t61" style="position:absolute;left:6799;top:4564;width:1694;height:697" adj="-4200,32760"><v:textbox style="mso-next-textbox:#_x0000_s1203"><w:txbxContent><w:p wsp:rsidR="008158AC" wsp:rsidRPr="008158AC" wsp:rsidRDefault="008158AC"><w:pPr><w:rPr><w:lang w:val="EN-US"/></w:rPr></w:pPr><w:r><w:rPr><w:lang w:val="EN-US"/></w:rPr><w:t>Some text</w:t></w:r></w:p></w:txbxContent></v:textbox></v:shape><v:shapetype id="_x0000_t62" coordsize="21600,21600" o:spt="62" adj="1350,25920" path="m3600,qx,3600l0@8@12@24,0@9,,18000qy3600,21600l@6,21600@15@27@7,21600,18000,21600qx21600,18000l21600@9@18@30,21600@8,21600,3600qy18000,l@7,0@21@33@6,xe"><v:stroke joinstyle="miter"/><v:formulas><v:f eqn="sum 10800 0 #0"/><v:f eqn="sum 10800 0 #1"/><v:f eqn="sum #0 0 #1"/><v:f eqn="sum @0 @1 0"/><v:f eqn="sum 21600 0 #0"/><v:f eqn="sum 21600 0 #1"/><v:f eqn="if @0 3600 12600"/><v:f eqn="if @0 9000 18000"/><v:f eqn="if @1 3600 12600"/><v:f eqn="if @1 9000 18000"/><v:f eqn="if @2 0 #0"/><v:f eqn="if @3 @10 0"/><v:f eqn="if #0 0 @11"/><v:f eqn="if @2 @6 #0"/><v:f eqn="if @3 @6 @13"/><v:f eqn="if @5 @6 @14"/><v:f eqn="if @2 #0 21600"/><v:f eqn="if @3 21600 @16"/><v:f eqn="if @4 21600 @17"/><v:f eqn="if @2 #0 @6"/><v:f eqn="if @3 @19 @6"/><v:f eqn="if #1 @6 @20"/><v:f eqn="if @2 @8 #1"/><v:f eqn="if @3 @22 @8"/><v:f eqn="if #0 @8 @23"/><v:f eqn="if @2 21600 #1"/><v:f eqn="if @3 21600 @25"/><v:f eqn="if @5 21600 @26"/><v:f eqn="if @2 #1 @8"/><v:f eqn="if @3 @8 @28"/><v:f eqn="if @4 @8 @29"/><v:f eqn="if @2 #1 0"/><v:f eqn="if @3 @31 0"/><v:f eqn="if #1 0 @32"/><v:f eqn="val #0"/><v:f eqn="val #1"/></v:formulas><v:path o:connecttype="custom" o:connectlocs="10800,0;0,10800;10800,21600;21600,10800;@34,@35" textboxrect="791,791,20809,20809"/><v:handles><v:h position="#0,#1"/></v:handles></v:shapetype><v:shape id="_x0000_s1204" type="#_x0000_t62" style="position:absolute;left:3975;top:4564;width:1132;height:744" adj="28965,32658"><v:textbox style="mso-next-textbox:#_x0000_s1204"><w:txbxContent><w:p wsp:rsidR="008158AC" wsp:rsidRPr="008158AC" wsp:rsidRDefault="008158AC"><w:pPr><w:rPr><w:lang w:val="EN-US"/></w:rPr></w:pPr><w:r><w:rPr><w:lang w:val="EN-US"/></w:rPr><w:t>Some text</w:t></w:r></w:p></w:txbxContent></v:textbox></v:shape><v:shapetype id="_x0000_t63" coordsize="21600,21600" o:spt="63" adj="1350,25920" path="wr,,21600,21600@15@16@17@18l@21@22xe"><v:stroke joinstyle="miter"/><v:formulas><v:f eqn="val #0"/><v:f eqn="val #1"/><v:f eqn="sum 10800 0 #0"/><v:f eqn="sum 10800 0 #1"/><v:f eqn="atan2 @2 @3"/><v:f eqn="sumangle @4 11 0"/><v:f eqn="sumangle @4 0 11"/><v:f eqn="cos 10800 @4"/><v:f eqn="sin 10800 @4"/><v:f eqn="cos 10800 @5"/><v:f eqn="sin 10800 @5"/><v:f eqn="cos 10800 @6"/><v:f eqn="sin 10800 @6"/><v:f eqn="sum 10800 0 @7"/><v:f eqn="sum 10800 0 @8"/><v:f eqn="sum 10800 0 @9"/><v:f eqn="sum 10800 0 @10"/><v:f eqn="sum 10800 0 @11"/><v:f eqn="sum 10800 0 @12"/><v:f eqn="mod @2 @3 0"/><v:f eqn="sum @19 0 10800"/><v:f eqn="if @20 #0 @13"/><v:f eqn="if @20 #1 @14"/></v:formulas><v:path o:connecttype="custom" o:connectlocs="10800,0;3163,3163;0,10800;3163,18437;10800,21600;18437,18437;21600,10800;18437,3163;@21,@22" textboxrect="3163,3163,18437,18437"/><v:handles><v:h position="#0,#1"/></v:handles></v:shapetype><v:shape id="_x0000_s1205" type="#_x0000_t63" style="position:absolute;left:3552;top:6376;width:1129;height:743" adj="32625,-4793"><v:textbox style="mso-next-textbox:#_x0000_s1205"><w:txbxContent><w:p wsp:rsidR="008158AC" wsp:rsidRPr="008158AC" wsp:rsidRDefault="008158AC"><w:pPr><w:rPr><w:lang w:val="EN-US"/></w:rPr></w:pPr><w:r><w:rPr><w:lang w:val="EN-US"/></w:rPr><w:t>Some text</w:t></w:r></w:p></w:txbxContent></v:textbox></v:shape><v:shapetype id="_x0000_t106" coordsize="21600,21600" o:spt="106" adj="1350,25920" path="ar,7165,4345,13110,1950,7185,1080,12690,475,11732,4835,17650,1080,12690,2910,17640,2387,9757,10107,20300,2910,17640,8235,19545,7660,12382,14412,21597,8235,19545,14280,18330,12910,11080,18695,18947,14280,18330,18690,15045,14822,5862,21597,15082,18690,15045,20895,7665,15772,2592,21105,9865,20895,7665,19140,2715,14330,,19187,6595,19140,2715,14910,1170,10992,,15357,5945,14910,1170,11250,1665,6692,650,12025,7917,11250,1665,7005,2580,1912,1972,8665,11162,7005,2580,1950,7185xear,7165,4345,13110,1080,12690,2340,13080nfear475,11732,4835,17650,2910,17640,3465,17445nfear7660,12382,14412,21597,7905,18675,8235,19545nfear7660,12382,14412,21597,14280,18330,14400,17370nfear12910,11080,18695,18947,18690,15045,17070,11475nfear15772,2592,21105,9865,20175,9015,20895,7665nfear14330,,19187,6595,19200,3345,19140,2715nfear14330,,19187,6595,14910,1170,14550,1980nfear10992,,15357,5945,11250,1665,11040,2340nfear1912,1972,8665,11162,7650,3270,7005,2580nfear1912,1972,8665,11162,1950,7185,2070,7890nfem@23@37qx@35@24@23@36@34@24@23@37xem@16@33qx@31@17@16@32@30@17@16@33xem@38@29qx@27@39@38@28@26@39@38@29xe"><v:formulas><v:f eqn="sum #0 0 10800"/><v:f eqn="sum #1 0 10800"/><v:f eqn="cosatan2 10800 @0 @1"/><v:f eqn="sinatan2 10800 @0 @1"/><v:f eqn="sum @2 10800 0"/><v:f eqn="sum @3 10800 0"/><v:f eqn="sum @4 0 #0"/><v:f eqn="sum @5 0 #1"/><v:f eqn="mod @6 @7 0"/><v:f eqn="prod 600 11 1"/><v:f eqn="sum @8 0 @9"/><v:f eqn="prod @10 1 3"/><v:f eqn="prod 600 3 1"/><v:f eqn="sum @11 @12 0"/><v:f eqn="prod @13 @6 @8"/><v:f eqn="prod @13 @7 @8"/><v:f eqn="sum @14 #0 0"/><v:f eqn="sum @15 #1 0"/><v:f eqn="prod 600 8 1"/><v:f eqn="prod @11 2 1"/><v:f eqn="sum @18 @19 0"/><v:f eqn="prod @20 @6 @8"/><v:f eqn="prod @20 @7 @8"/><v:f eqn="sum @21 #0 0"/><v:f eqn="sum @22 #1 0"/><v:f eqn="prod 600 2 1"/><v:f eqn="sum #0 600 0"/><v:f eqn="sum #0 0 600"/><v:f eqn="sum #1 600 0"/><v:f eqn="sum #1 0 600"/><v:f eqn="sum @16 @25 0"/><v:f eqn="sum @16 0 @25"/><v:f eqn="sum @17 @25 0"/><v:f eqn="sum @17 0 @25"/><v:f eqn="sum @23 @12 0"/><v:f eqn="sum @23 0 @12"/><v:f eqn="sum @24 @12 0"/><v:f eqn="sum @24 0 @12"/><v:f eqn="val #0"/><v:f eqn="val #1"/></v:formulas><v:path o:extrusionok="f" o:connecttype="custom" o:connectlocs="67,10800;10800,21577;21582,10800;10800,1235;@38,@39" textboxrect="2977,3262,17087,17337"/><v:handles><v:h position="#0,#1"/></v:handles><o:complex v:ext="view"/></v:shapetype><v:shape id="_x0000_s1206" type="#_x0000_t106" style="position:absolute;left:7505;top:6097;width:1129;height:743" adj="-19800,4658"><v:textbox style="mso-next-textbox:#_x0000_s1206"><w:txbxContent><w:p wsp:rsidR="008158AC" wsp:rsidRPr="008158AC" wsp:rsidRDefault="008158AC"><w:pPr><w:rPr><w:lang w:val="EN-US"/></w:rPr></w:pPr><w:r><w:rPr><w:lang w:val="EN-US"/></w:rPr><w:t>Some text</w:t></w:r></w:p></w:txbxContent></v:textbox></v:shape><v:shapetype id="_x0000_t180" coordsize="21600,21600" o:spt="180" adj="-1800,24300,-1800,4050" path="m@0@1l@2@3nfem,l21600,r,21600l,21600xe"><v:stroke joinstyle="miter"/><v:formulas><v:f eqn="val #0"/><v:f eqn="val #1"/><v:f eqn="val #2"/><v:f eqn="val #3"/></v:formulas><v:path arrowok="t" o:extrusionok="f" gradientshapeok="t" o:connecttype="custom" o:connectlocs="@0,@1;10800,0;10800,21600;0,10800;21600,10800"/><v:handles><v:h position="#0,#1"/><v:h position="#2,#3"/></v:handles><o:callout v:ext="edit" type="rightAngle" on="t"/></v:shapetype><v:shape id="_x0000_s1208" type="#_x0000_t180" style="position:absolute;left:6516;top:7351;width:1129;height:1115;rotation:180" adj="23401,31050,23401,2700,25203,8100,25203,8100"><v:textbox><w:txbxContent><w:p wsp:rsidR="008158AC" wsp:rsidRPr="008158AC" wsp:rsidRDefault="008158AC"><w:pPr><w:rPr><w:lang w:val="EN-US"/></w:rPr></w:pPr><w:r><w:rPr><w:lang w:val="EN-US"/></w:rPr><w:t>Some text</w:t></w:r></w:p></w:txbxContent></v:textbox><o:callout v:ext="edit" minusx="t" minusy="t"/></v:shape><v:shapetype id="_x0000_t48" coordsize="21600,21600" o:spt="48" adj="-10080,24300,-3600,4050,-1800,4050" path="m@0@1l@2@3@4@5nfem,l21600,r,21600l,21600xe"><v:stroke joinstyle="miter"/><v:formulas><v:f eqn="val #0"/><v:f eqn="val #1"/><v:f eqn="val #2"/><v:f eqn="val #3"/><v:f eqn="val #4"/><v:f eqn="val #5"/></v:formulas><v:path arrowok="t" o:extrusionok="f" gradientshapeok="t" o:connecttype="custom" o:connectlocs="@0,@1;10800,0;10800,21600;0,10800;21600,10800"/><v:handles><v:h position="#0,#1"/><v:h position="#2,#3"/><v:h position="#4,#5"/></v:handles><o:callout v:ext="edit" on="t"/></v:shapetype><v:shape id="_x0000_s1209" type="#_x0000_t48" style="position:absolute;left:4257;top:7490;width:1130;height:744" adj="30870,-24634,25020,4046,23400,4046,-2700,-45"><v:textbox><w:txbxContent><w:p wsp:rsidR="008158AC" wsp:rsidRPr="008158AC" wsp:rsidRDefault="008158AC"><w:pPr><w:rPr><w:lang w:val="EN-US"/></w:rPr></w:pPr><w:r><w:rPr><w:lang w:val="EN-US"/></w:rPr><w:t>Some text</w:t></w:r></w:p></w:txbxContent></v:textbox><o:callout v:ext="edit" minusx="t"/></v:shape><w10:wrap type="none"/><w10:anchorlock/></v:group></w:pict></w:r></w:p><w:p wsp:rsidR="0094324B" wsp:rsidRDefault="0094324B" wsp:rsidP="00F01897"><w:pPr><w:snapToGrid w:val="off"/><w:rPr><w:lang w:val="EN-US"/></w:rPr></w:pPr></w:p><w:p wsp:rsidR="0094324B" wsp:rsidRDefault="0094324B" wsp:rsidP="00F01897"><w:pPr><w:snapToGrid w:val="off"/><w:rPr><w:lang w:val="EN-US"/></w:rPr></w:pPr><w:r><w:rPr><w:lang w:val="EN-US"/></w:rPr><w:t>Different line styles and arrows demonstration</w:t></w:r></w:p><w:p wsp:rsidR="0094324B" wsp:rsidRDefault="00EA448B" wsp:rsidP="00F01897"><w:pPr><w:snapToGrid w:val="off"/><w:rPr><w:lang w:val="EN-US"/></w:rPr></w:pPr><w:r wsp:rsidRPr="00EA448B"><w:rPr><w:lang w:val="EN-US"/></w:rPr></w:r><w:r wsp:rsidRPr="00EA448B"><w:rPr><w:lang w:val="EN-US"/></w:rPr><w:pict><v:group id="_x0000_s1212" editas="canvas" style="width:459pt;height:279pt;mso-position-horizontal-relative:char;mso-position-vertical-relative:line" coordorigin="2281,8496" coordsize="7200,4320"><o:lock v:ext="edit" aspectratio="t"/><v:shape id="_x0000_s1211" type="#_x0000_t75" style="position:absolute;left:2281;top:8496;width:7200;height:4320" o:preferrelative="f"><v:fill o:detectmouseclick="t"/><v:path o:extrusionok="t" o:connecttype="none"/></v:shape><v:line id="_x0000_s1213" style="position:absolute" from="2987,9193" to="8493,11562" strokeweight="3pt"/><v:rect id="_x0000_s1214" style="position:absolute;left:3834;top:9332;width:1553;height:836" filled="f" strokeweight="1pt"><v:stroke dashstyle="dash"/></v:rect><v:rect id="_x0000_s1215" style="position:absolute;left:4681;top:9750;width:1412;height:976" strokeweight="3pt"><v:stroke dashstyle="1 1"/></v:rect><v:line id="_x0000_s1216" style="position:absolute;flip:x" from="4963,10447" to="8210,11283" strokeweight="5pt"><v:stroke startarrow="open" endarrow="classic"/></v:line><v:line id="_x0000_s1217" style="position:absolute;flip:x" from="4116,8775" to="5810,11701" strokeweight="3pt"><v:stroke dashstyle="dashDot" startarrow="diamond" endarrow="oval"/></v:line><v:line id="_x0000_s1218" style="position:absolute" from="6375,9053" to="7787,11981" strokeweight="3pt"><v:stroke dashstyle="longDash" startarrow="classic" startarrowwidth="wide" startarrowlength="long" endarrow="open" endarrowwidth="wide" endarrowlength="long"/></v:line><w10:wrap type="none"/><w10:anchorlock/></v:group></w:pict></w:r></w:p><w:p wsp:rsidR="00DF7F85" wsp:rsidRDefault="00DF7F85" wsp:rsidP="00F01897"><w:pPr><w:snapToGrid w:val="off"/><w:rPr><w:lang w:val="EN-US"/></w:rPr></w:pPr><w:r><w:rPr><w:lang w:val="EN-US"/></w:rPr><w:br w:type="page"/><w:t>Solid filling demonstration</w:t></w:r></w:p><w:p wsp:rsidR="00DF7F85" wsp:rsidRDefault="00EA448B" wsp:rsidP="00F01897"><w:pPr><w:snapToGrid w:val="off"/><w:rPr><w:lang w:val="EN-US"/></w:rPr></w:pPr><w:r wsp:rsidRPr="00EA448B"><w:rPr><w:lang w:val="EN-US"/></w:rPr></w:r><w:r wsp:rsidRPr="00EA448B"><w:rPr><w:lang w:val="EN-US"/></w:rPr><w:pict><v:group id="_x0000_s1220" editas="canvas" style="width:459pt;height:3in;mso-position-horizontal-relative:char;mso-position-vertical-relative:line" coordorigin="2281,1063" coordsize="7200,3345"><o:lock v:ext="edit" aspectratio="t"/><v:shape id="_x0000_s1219" type="#_x0000_t75" style="position:absolute;left:2281;top:1063;width:7200;height:3345" o:preferrelative="f"><v:fill o:detectmouseclick="t"/><v:path o:extrusionok="t" o:connecttype="none"/></v:shape><v:rect id="_x0000_s1222" style="position:absolute;left:3128;top:2317;width:5788;height:558" fillcolor="#3cc"/><v:rect id="_x0000_s1223" style="position:absolute;left:3693;top:1760;width:423;height:1951" filled="f"/><v:roundrect id="_x0000_s1224" style="position:absolute;left:4681;top:1760;width:424;height:1951" arcsize="10923f"/><v:shape id="_x0000_s1225" type="#_x0000_t7" style="position:absolute;left:5528;top:1760;width:706;height:1951" fillcolor="#9f6"/><v:shape id="_x0000_s1227" style="position:absolute;left:6163;top:1481;width:2071;height:2462" coordsize="2640,3180" path="m990,540c990,420,1320,,1530,v210,,630,180,720,540c2340,900,2010,1860,2070,2160v60,300,510,30,540,180c2640,2490,2460,3000,2250,3060v-210,60,-630,-360,-900,-360c1080,2700,690,3180,630,3060,570,2940,1080,2160,990,1980,900,1800,,2100,90,1980v90,-120,1200,-510,1440,-720c1770,1050,1620,840,1530,720,1440,600,990,660,990,540xe" fillcolor="#ff6"><v:path arrowok="t"/></v:shape><w10:wrap type="none"/><w10:anchorlock/></v:group></w:pict></w:r></w:p><w:p wsp:rsidR="00DB4086" wsp:rsidRDefault="00DB4086" wsp:rsidP="00F01897"><w:pPr><w:snapToGrid w:val="off"/><w:rPr><w:lang w:val="EN-US"/></w:rPr></w:pPr></w:p><w:p wsp:rsidR="00DB4086" wsp:rsidRPr="007C6ECE" wsp:rsidRDefault="007C6ECE" wsp:rsidP="00F01897"><w:pPr><w:snapToGrid w:val="off"/><w:rPr><w:lang w:val="EN-US"/></w:rPr></w:pPr><w:r wsp:rsidRPr="007C6ECE"><w:rPr><w:lang w:val="EN-US"/></w:rPr><w:t>Combination of different features</w:t></w:r></w:p><w:p wsp:rsidR="00DB4086" wsp:rsidRPr="00DB4086" wsp:rsidRDefault="00EA448B" wsp:rsidP="00F01897"><w:pPr><w:snapToGrid w:val="off"/><w:rPr><w:lang w:val="EN-US"/></w:rPr></w:pPr><w:r wsp:rsidRPr="00EA448B"><w:rPr><w:lang w:val="EN-US"/></w:rPr></w:r><w:r wsp:rsidRPr="00EA448B"><w:rPr><w:lang w:val="EN-US"/></w:rPr><w:pict><v:group id="_x0000_s1229" editas="canvas" style="width:459pt;height:279pt;mso-position-horizontal-relative:char;mso-position-vertical-relative:line" coordorigin="1701,7806" coordsize="9180,5580"><o:lock v:ext="edit" aspectratio="t"/><v:shape id="_x0000_s1230" type="#_x0000_t75" style="position:absolute;left:1701;top:7806;width:9180;height:5580" o:preferrelative="f"><v:fill o:detectmouseclick="t"/><v:path o:extrusionok="t" o:connecttype="none"/></v:shape><v:line id="_x0000_s1231" style="position:absolute;flip:x" from="4041,9607" to="4580,11946" strokecolor="navy" strokeweight="1.25pt"><v:stroke startarrow="block" startarrowlength="long" endarrow="block" endarrowlength="long"/></v:line><v:shape id="_x0000_s1232" style="position:absolute;left:7963;top:8314;width:2621;height:2288;mso-wrap-style:square;mso-wrap-distance-left:9pt;mso-wrap-distance-top:0;mso-wrap-distance-right:9pt;mso-wrap-distance-bottom:0;mso-position-horizontal:absolute;mso-position-horizontal-relative:text;mso-position-vertical:absolute;mso-position-vertical-relative:text;v-text-anchor:top" coordsize="2621,2288" path="m422,1961c362,1874,124,1616,62,1436,,1256,9,1058,47,881,85,704,127,516,287,371,447,226,738,22,1007,11,1276,,1649,137,1900,303v251,166,509,467,614,704c2619,1244,2621,1517,2529,1727v-92,210,-272,521,-570,541c1661,2288,1031,2012,743,1847,455,1682,283,1500,233,1277,183,1054,306,684,443,512,580,340,840,243,1058,243v218,,502,155,692,270c1940,628,2107,778,2200,933v93,154,134,341,105,511c2276,1614,2162,1869,2026,1954v-136,85,-284,118,-540,c1230,1836,608,1487,488,1247,368,1007,599,612,764,515v165,-97,506,29,716,149c1690,784,1965,1048,2026,1234v61,185,-52,475,-180,540c1718,1839,1441,1709,1255,1624,1066,1539,837,1339,728,1264e" filled="f" fillcolor="blue"><v:stroke dashstyle="dash" startarrow="oval" endarrow="classic"/><v:path arrowok="t"/></v:shape><v:line id="_x0000_s1233" style="position:absolute" from="4041,9065" to="7101,9968" strokecolor="navy" strokeweight="2pt"><v:stroke endarrow="open"/></v:line><v:line id="_x0000_s1234" style="position:absolute" from="4220,8706" to="7280,9608" strokecolor="navy" strokeweight="1.5pt"><v:stroke endarrow="classic"/></v:line><v:line id="_x0000_s1235" style="position:absolute" from="4401,8346" to="7461,9248" strokecolor="navy" strokeweight="1.25pt"><v:stroke endarrow="block"/></v:line><v:line id="_x0000_s1236" style="position:absolute;flip:y" from="2421,10326" to="6019,11222" strokecolor="navy" strokeweight="1.25pt"><v:stroke startarrow="oval" endarrow="open"/></v:line><v:line id="_x0000_s1237" style="position:absolute" from="2961,10326" to="6021,11228" strokecolor="navy" strokeweight="1.25pt"><v:stroke startarrow="classic" startarrowwidth="wide" startarrowlength="long" endarrow="classic" endarrowwidth="wide" endarrowlength="long"/></v:line><v:line id="_x0000_s1238" style="position:absolute" from="4581,7986" to="7641,8888" strokecolor="navy"><v:stroke endarrow="diamond"/></v:line><v:shape id="_x0000_s1239" style="position:absolute;left:5322;top:9936;width:4322;height:3180;mso-wrap-style:square;mso-wrap-distance-left:9pt;mso-wrap-distance-top:0;mso-wrap-distance-right:9pt;mso-wrap-distance-bottom:0;mso-position-horizontal:absolute;mso-position-horizontal-relative:text;mso-position-vertical:absolute;mso-position-vertical-relative:text;v-text-anchor:top" coordsize="4322,3180" path="m2028,1974c1753,1887,,1503,378,1449v378,-54,3898,78,3921,201c4322,1773,639,2370,519,2190,399,2010,3219,660,3579,570v360,-90,-540,690,-900,1080c2319,2040,1449,3180,1419,2910,1389,2640,2349,,2499,30v150,30,43,3046,-180,3060c2096,3104,948,174,1158,114,1368,54,3499,2445,3579,2730v80,285,-1537,-717,-1941,-906e" filled="f" fillcolor="blue"><v:path arrowok="t"/></v:shape><v:oval id="_x0000_s1240" style="position:absolute;left:6921;top:11226;width:1080;height:901" fillcolor="blue"/><v:oval id="_x0000_s1241" style="position:absolute;left:8721;top:10686;width:360;height:180" fillcolor="red"/><v:oval id="_x0000_s1242" style="position:absolute;left:5661;top:11406;width:358;height:183" fillcolor="red"/><v:oval id="_x0000_s1243" style="position:absolute;left:7280;top:12667;width:359;height:182" fillcolor="red"/><v:oval id="_x0000_s1244" style="position:absolute;left:7461;top:10146;width:359;height:182" fillcolor="red"/><w10:wrap type="none"/><w10:anchorlock/></v:group></w:pict></w:r></w:p><w:sectPr wsp:rsidR="00DB4086" wsp:rsidRPr="00DB4086" wsp:rsidSect="00666F85"><w:ftr w:type="odd"><w:p wsp:rsidR="0034590B" wsp:rsidRPr="0034590B" wsp:rsidRDefault="0034590B" wsp:rsidP="0034590B"><w:pPr><w:autoSpaceDE w:val="off"/><w:autoSpaceDN w:val="off"/><w:adjustRightInd w:val="off"/><w:rPr><w:rFonts w:cs="Arial"/><w:i/><w:color w:val="000000"/><w:sz-cs w:val="20"/><w:lang w:val="EN-US"/></w:rPr></w:pPr><w:r><w:t>© </w:t></w:r><w:r><w:rPr><w:color w:val="005695"/></w:rPr><w:t>RenderX</w:t></w:r><w:r><w:t>, 1999–200</w:t></w:r><w:r><w:rPr><w:lang w:val="EN-US"/></w:rPr><w:t>7</w:t></w:r><w:r><w:rPr><w:lang w:val="EN-US"/></w:rPr><w:tab wx:wTab="555" wx:tlc="none" wx:cTlc="8"/></w:r><w:r><w:rPr><w:lang w:val="EN-US"/></w:rPr><w:tab wx:wTab="705" wx:tlc="none" wx:cTlc="11"/></w:r><w:r><w:rPr><w:lang w:val="EN-US"/></w:rPr><w:tab wx:wTab="705" wx:tlc="none" wx:cTlc="11"/></w:r><w:r><w:rPr><w:lang w:val="EN-US"/></w:rPr><w:tab wx:wTab="705" wx:tlc="none" wx:cTlc="11"/></w:r><w:r><w:rPr><w:lang w:val="EN-US"/></w:rPr><w:tab wx:wTab="705" wx:tlc="none" wx:cTlc="11"/></w:r><w:r><w:rPr><w:lang w:val="EN-US"/></w:rPr><w:tab wx:wTab="705" wx:tlc="none" wx:cTlc="11"/></w:r><w:r><w:rPr><w:lang w:val="EN-US"/></w:rPr><w:tab wx:wTab="705" wx:tlc="none" wx:cTlc="11"/></w:r><w:r><w:rPr><w:lang w:val="EN-US"/></w:rPr><w:tab wx:wTab="705" wx:tlc="none" wx:cTlc="11"/></w:r><w:r><w:rPr><w:lang w:val="EN-US"/></w:rPr><w:tab wx:wTab="705" wx:tlc="none" wx:cTlc="11"/></w:r><w:r><w:rPr><w:rFonts w:cs="Arial"/><w:i/><w:lang w:val="EN-US"/></w:rPr><w:t>Page </w:t></w:r><w:r wsp:rsidR="00EA448B"><w:rPr><w:rStyle w:val="PageNumber"/><w:rFonts w:cs="Arial"/><w:i/></w:rPr><w:fldChar w:fldCharType="begin"/></w:r><w:r><w:rPr><w:rStyle w:val="PageNumber"/><w:rFonts w:cs="Arial"/><w:i/></w:rPr><w:instrText> PAGE </w:instrText></w:r><w:r wsp:rsidR="00EA448B"><w:rPr><w:rStyle w:val="PageNumber"/><w:rFonts w:cs="Arial"/><w:i/></w:rPr><w:fldChar w:fldCharType="separate"/></w:r><w:r wsp:rsidR="007C6ECE"><w:rPr><w:rStyle w:val="PageNumber"/><w:rFonts w:cs="Arial"/><w:i/><w:noProof/></w:rPr><w:t>5</w:t></w:r><w:r wsp:rsidR="00EA448B"><w:rPr><w:rStyle w:val="PageNumber"/><w:rFonts w:cs="Arial"/><w:i/></w:rPr><w:fldChar w:fldCharType="end"/></w:r></w:p></w:ftr><w:pgSz w:w="11906" w:h="16838"/><w:pgMar w:top="1134" w:right="850" w:bottom="1134" w:left="1701" w:header="708" w:footer="708" w:gutter="0"/><w:cols w:space="708"/><w:docGrid w:line-pitch="360"/></w:sectPr></wx:sect></w:body></w:wordDocument>