<?xml version="1.0" encoding="UTF-8" standalone="yes"?>
<?mso-application progid="Word.Document"?>
<w:wordDocument xmlns:w="http://schemas.microsoft.com/office/word/2003/wordml" xmlns:v="urn:schemas-microsoft-com:vml" xmlns:w10="urn:schemas-microsoft-com:office:word" xmlns:sl="http://schemas.microsoft.com/schemaLibrary/2003/core" xmlns:aml="http://schemas.microsoft.com/aml/2001/core" xmlns:wx="http://schemas.microsoft.com/office/word/2003/auxHint" xmlns:o="urn:schemas-microsoft-com:office:office" xmlns:dt="uuid:C2F41010-65B3-11d1-A29F-00AA00C14882" xmlns:ns0="SmartBarcode" xmlns:ns1="ProductTag" xmlns:ns2="StorageData" w:macrosPresent="no" w:embeddedObjPresent="no" w:ocxPresent="no" xml:space="preserve"><o:DocumentProperties><o:Title> 0500010</o:Title><o:Author>Volodymyr Rodymyuk</o:Author><o:LastAuthor>AndrewG</o:LastAuthor><o:Revision>6</o:Revision><o:TotalTime>8</o:TotalTime><o:Created>2006-06-30T13:02:00Z</o:Created><o:LastSaved>2006-06-30T13:10:00Z</o:LastSaved><o:Pages>1</o:Pages><o:Words>142</o:Words><o:Characters>814</o:Characters><o:Company>Ukrinvent</o:Company><o:Lines>6</o:Lines><o:Paragraphs>1</o:Paragraphs><o:CharactersWithSpaces>955</o:CharactersWithSpaces><o:Version>11.6568</o:Version></o:DocumentProperties><w:fonts><w:defaultFonts w:ascii="Times New Roman" w:fareast="Times New Roman" w:h-ansi="Times New Roman" w:cs="Times New Roman"/></w:fonts><w:styles><w:versionOfBuiltInStylenames w:val="4"/><w:latentStyles w:defLockedState="off" w:latentStyleCount="156"/><w:style w:type="paragraph" w:default="on" w:styleId="a"><w:name w:val="Normal"/><wx:uiName wx:val="Обычный"/><w:rsid w:val="006B21B5"/><w:rPr><wx:font wx:val="Times New Roman"/><w:sz w:val="24"/><w:sz-cs w:val="24"/><w:lang w:val="UK" w:fareast="UK" w:bidi="AR-SA"/></w:rPr></w:style><w:style w:type="paragraph" w:styleId="1"><w:name w:val="heading 1"/><wx:uiName wx:val="Заголовок 1"/><w:basedOn w:val="a"/><w:next w:val="a"/><w:rsid w:val="006B21B5"/><w:pPr><w:pStyle w:val="1"/><w:keepNext/><w:spacing w:before="240" w:after="60"/><w:outlineLvl w:val="0"/></w:pPr><w:rPr><w:rFonts w:ascii="Arial" w:h-ansi="Arial" w:cs="Arial"/><wx:font wx:val="Arial"/><w:b/><w:b-cs/><w:kern w:val="32"/><w:sz w:val="32"/><w:sz-cs w:val="32"/></w:rPr></w:style><w:style w:type="paragraph" w:styleId="2"><w:name w:val="heading 2"/><wx:uiName wx:val="Заголовок 2"/><w:basedOn w:val="a"/><w:next w:val="a"/><w:rsid w:val="006B21B5"/><w:pPr><w:pStyle w:val="2"/><w:keepNext/><w:spacing w:before="240" w:after="60"/><w:outlineLvl w:val="1"/></w:pPr><w:rPr><w:rFonts w:ascii="Arial" w:h-ansi="Arial" w:cs="Arial"/><wx:font wx:val="Arial"/><w:b/><w:b-cs/><w:i/><w:i-cs/><w:sz w:val="28"/><w:sz-cs w:val="28"/></w:rPr></w:style><w:style w:type="character" w:default="on" w:styleId="a0"><w:name w:val="Default Paragraph Font"/><wx:uiName wx:val="Основной шрифт абзаца"/><w:semiHidden/></w:style><w:style w:type="table" w:default="on" w:styleId="a1"><w:name w:val="Normal Table"/><wx:uiName wx:val="Обычная таблица"/><w:semiHidden/><w:rPr><wx:font wx:val="Times New Roman"/></w:rPr><w:tblPr><w:tblInd w:w="0" w:type="dxa"/><w:tblCellMar><w:top w:w="0" w:type="dxa"/><w:left w:w="108" w:type="dxa"/><w:bottom w:w="0" w:type="dxa"/><w:right w:w="108" w:type="dxa"/></w:tblCellMar></w:tblPr></w:style><w:style w:type="list" w:default="on" w:styleId="a2"><w:name w:val="No List"/><wx:uiName wx:val="Нет списка"/><w:semiHidden/></w:style><w:style w:type="table" w:styleId="a3"><w:name w:val="Table Grid"/><wx:uiName wx:val="Сетка таблицы"/><w:basedOn w:val="a1"/><w:rsid w:val="006B21B5"/><w:rPr><wx:font wx:val="Times New Roman"/></w:rPr><w:tblPr><w:tblInd w:w="0" w:type="dxa"/><w:tblBorders><w:top w:val="single" w:sz="4" wx:bdrwidth="10" w:space="0" w:color="auto"/><w:left w:val="single" w:sz="4" wx:bdrwidth="10" w:space="0" w:color="auto"/><w:bottom w:val="single" w:sz="4" wx:bdrwidth="10" w:space="0" w:color="auto"/><w:right w:val="single" w:sz="4" wx:bdrwidth="10" w:space="0" w:color="auto"/><w:insideH w:val="single" w:sz="4" wx:bdrwidth="10" w:space="0" w:color="auto"/><w:insideV w:val="single" w:sz="4" wx:bdrwidth="10" w:space="0" w:color="auto"/></w:tblBorders><w:tblCellMar><w:top w:w="0" w:type="dxa"/><w:left w:w="108" w:type="dxa"/><w:bottom w:w="0" w:type="dxa"/><w:right w:w="108" w:type="dxa"/></w:tblCellMar></w:tblPr></w:style></w:styles><w:shapeDefaults><o:shapedefaults v:ext="edit" spidmax="10242"/><o:shapelayout v:ext="edit"><o:idmap v:ext="edit" data="1"/></o:shapelayout></w:shapeDefaults><w:docPr><w:view w:val="print"/><w:zoom w:percent="100"/><w:doNotEmbedSystemFonts/><w:proofState w:grammar="clean"/><w:attachedTemplate w:val=""/><w:defaultTabStop w:val="708"/><w:hyphenationZone w:val="425"/><w:punctuationKerning/><w:characterSpacingControl w:val="DontCompress"/><w:optimizeForBrowser/><w:validateAgainstSchema w:val="off"/><w:saveInvalidXML/><w:ignoreMixedContent w:val="off"/><w:alwaysShowPlaceholderText w:val="off"/><w:compat><w:breakWrappedTables/><w:snapToGridInCell/><w:wrapTextWithPunct/><w:useAsianBreakRules/><w:dontGrowAutofit/></w:compat></w:docPr><w:body><wx:sect><wx:sub-section><w:p><w:pPr><w:pStyle w:val="1"/><w:rPr><w:lang w:val="EN-US"/></w:rPr></w:pPr><w:r><w:rPr><w:lang w:val="EN-US"/></w:rPr><w:t>Barcode generation</w:t></w:r></w:p><wx:sub-section><w:p><w:pPr><w:pStyle w:val="2"/><w:rPr><w:lang w:val="EN-US"/></w:rPr></w:pPr><w:r><w:rPr><w:lang w:val="EN-US"/></w:rPr><w:t>Common case – value for barcode, placed inside the element</w:t></w:r></w:p><w:p><w:pPr><w:rPr><w:lang w:val="EN-US"/></w:rPr></w:pPr><ns0:barcode><w:r><w:rPr><w:lang w:val="EN-US"/></w:rPr><w:t>5.</w:t></w:r><w:r><w:rPr><w:lang w:val="RU"/></w:rPr><w:t>5</w:t></w:r><w:r><w:rPr><w:lang w:val="EN-US"/></w:rPr><w:t>0 010</w:t></w:r></ns0:barcode></w:p><w:p><w:pPr><w:rPr><w:lang w:val="EN-US"/></w:rPr></w:pPr></w:p><w:tbl><w:tblPr><w:tblStyle w:val="a3"/><w:tblW w:w="0" w:type="auto"/><w:tblLook w:val="01E0"/></w:tblPr><w:tblGrid><w:gridCol w:w="2268"/><w:gridCol w:w="1672"/><w:gridCol w:w="720"/><w:gridCol w:w="2288"/><w:gridCol w:w="1697"/></w:tblGrid><w:tr><w:tc><w:tcPr><w:tcW w:w="3940" w:type="dxa"/><w:gridSpan w:val="2"/><w:tcBorders><w:bottom w:val="single" w:sz="4" wx:bdrwidth="10" w:space="0" w:color="auto"/></w:tcBorders></w:tcPr><w:p><w:pPr><w:jc w:val="center"/><w:rPr><w:lang w:val="EN-US"/></w:rPr></w:pPr><w:r><w:rPr><w:rFonts w:ascii="Arial" w:h-ansi="Arial" w:cs="Arial"/><wx:font wx:val="Arial"/><w:b/><w:lang w:val="EN-US"/></w:rPr><w:t>Greeen Valey Supermarket</w:t></w:r></w:p></w:tc><w:tc><w:tcPr><w:tcW w:w="720" w:type="dxa"/><w:tcBorders><w:top w:val="nil"/><w:bottom w:val="nil"/></w:tcBorders></w:tcPr><w:p><w:pPr><w:rPr><w:lang w:val="EN-US"/></w:rPr></w:pPr></w:p></w:tc><w:tc><w:tcPr><w:tcW w:w="3985" w:type="dxa"/><w:gridSpan w:val="2"/><w:tcBorders><w:bottom w:val="single" w:sz="4" wx:bdrwidth="10" w:space="0" w:color="auto"/></w:tcBorders></w:tcPr><w:p><w:pPr><w:jc w:val="center"/><w:rPr><w:lang w:val="EN-US"/></w:rPr></w:pPr><w:r><w:rPr><w:rFonts w:ascii="Arial" w:h-ansi="Arial" w:cs="Arial"/><wx:font wx:val="Arial"/><w:b/><w:lang w:val="EN-US"/></w:rPr><w:t>Greeen Valey Supermarket</w:t></w:r></w:p></w:tc></w:tr><w:tr><w:trPr><w:trHeight w:val="1179"/></w:trPr><w:tc><w:tcPr><w:tcW w:w="2268" w:type="dxa"/><w:tcBorders><w:top w:val="single" w:sz="4" wx:bdrwidth="10" w:space="0" w:color="auto"/><w:left w:val="single" w:sz="4" wx:bdrwidth="10" w:space="0" w:color="auto"/><w:bottom w:val="single" w:sz="4" wx:bdrwidth="10" w:space="0" w:color="auto"/><w:right w:val="nil"/></w:tcBorders><w:vAlign w:val="center"/></w:tcPr><w:p><w:pPr><w:rPr><w:lang w:val="EN-US"/></w:rPr></w:pPr><ns0:barcode><w:r><w:rPr><w:lang w:val="EN-US"/></w:rPr><w:t>15.</w:t></w:r><w:r><w:rPr><w:lang w:val="RU"/></w:rPr><w:t>5</w:t></w:r><w:r><w:rPr><w:lang w:val="EN-US"/></w:rPr><w:t>0 010</w:t></w:r></ns0:barcode></w:p></w:tc><w:tc><w:tcPr><w:tcW w:w="1672" w:type="dxa"/><w:tcBorders><w:top w:val="single" w:sz="4" wx:bdrwidth="10" w:space="0" w:color="auto"/><w:left w:val="nil"/><w:bottom w:val="single" w:sz="4" wx:bdrwidth="10" w:space="0" w:color="auto"/><w:right w:val="single" w:sz="4" wx:bdrwidth="10" w:space="0" w:color="auto"/></w:tcBorders><w:vAlign w:val="center"/></w:tcPr><w:p><w:pPr><w:rPr><w:rFonts w:ascii="Arial" w:h-ansi="Arial" w:cs="Arial"/><wx:font wx:val="Arial"/><w:b/><w:lang w:val="EN-US"/></w:rPr></w:pPr><w:r><w:rPr><w:rFonts w:ascii="Arial" w:h-ansi="Arial" w:cs="Arial"/><wx:font wx:val="Arial"/><w:b/><w:lang w:val="EN-US"/></w:rPr><w:t>Red wine ‘Cabernet’</w:t></w:r></w:p><w:p><w:pPr><w:rPr><w:lang w:val="EN-US"/></w:rPr></w:pPr><w:r><w:rPr><w:rFonts w:ascii="Arial" w:h-ansi="Arial" w:cs="Arial"/><wx:font wx:val="Arial"/><w:b/><w:lang w:val="EN-US"/></w:rPr><w:t>15.50€</w:t></w:r></w:p></w:tc><w:tc><w:tcPr><w:tcW w:w="720" w:type="dxa"/><w:tcBorders><w:top w:val="nil"/><w:left w:val="single" w:sz="4" wx:bdrwidth="10" w:space="0" w:color="auto"/><w:bottom w:val="nil"/><w:right w:val="single" w:sz="4" wx:bdrwidth="10" w:space="0" w:color="auto"/></w:tcBorders><w:vAlign w:val="center"/></w:tcPr><w:p><w:pPr><w:rPr><w:lang w:val="EN-US"/></w:rPr></w:pPr></w:p></w:tc><w:tc><w:tcPr><w:tcW w:w="2288" w:type="dxa"/><w:tcBorders><w:top w:val="single" w:sz="4" wx:bdrwidth="10" w:space="0" w:color="auto"/><w:left w:val="single" w:sz="4" wx:bdrwidth="10" w:space="0" w:color="auto"/><w:bottom w:val="single" w:sz="4" wx:bdrwidth="10" w:space="0" w:color="auto"/><w:right w:val="nil"/></w:tcBorders><w:vAlign w:val="center"/></w:tcPr><w:p><w:pPr><w:rPr><w:lang w:val="EN-US"/></w:rPr></w:pPr><ns0:barcode><w:r><w:rPr><w:lang w:val="EN-US"/></w:rPr><w:t>19.</w:t></w:r><w:r><w:rPr><w:lang w:val="RU"/></w:rPr><w:t>5</w:t></w:r><w:r><w:rPr><w:lang w:val="EN-US"/></w:rPr><w:t>0 011</w:t></w:r></ns0:barcode></w:p></w:tc><w:tc><w:tcPr><w:tcW w:w="1697" w:type="dxa"/><w:tcBorders><w:top w:val="single" w:sz="4" wx:bdrwidth="10" w:space="0" w:color="auto"/><w:left w:val="nil"/><w:bottom w:val="single" w:sz="4" wx:bdrwidth="10" w:space="0" w:color="auto"/><w:right w:val="single" w:sz="4" wx:bdrwidth="10" w:space="0" w:color="auto"/></w:tcBorders><w:vAlign w:val="center"/></w:tcPr><w:p><w:pPr><w:rPr><w:rFonts w:ascii="Arial" w:h-ansi="Arial" w:cs="Arial"/><wx:font wx:val="Arial"/><w:b/><w:lang w:val="EN-US"/></w:rPr></w:pPr><w:r><w:rPr><w:rFonts w:ascii="Arial" w:h-ansi="Arial" w:cs="Arial"/><wx:font wx:val="Arial"/><w:b/><w:lang w:val="EN-US"/></w:rPr><w:t>White wine ‘Sauvignon’</w:t></w:r></w:p><w:p><w:pPr><w:rPr><w:lang w:val="EN-US"/></w:rPr></w:pPr><w:r><w:rPr><w:rFonts w:ascii="Arial" w:h-ansi="Arial" w:cs="Arial"/><wx:font wx:val="Arial"/><w:b/><w:lang w:val="EN-US"/></w:rPr><w:t>19.50€</w:t></w:r></w:p></w:tc></w:tr></w:tbl><w:p><w:pPr><w:rPr><w:lang w:val="EN-US"/></w:rPr></w:pPr></w:p></wx:sub-section><wx:sub-section><w:p><w:pPr><w:pStyle w:val="2"/><w:rPr><w:lang w:val="EN-US"/></w:rPr></w:pPr><w:r><w:rPr><w:lang w:val="EN-US"/></w:rPr><w:t>More complicated way to define barcode value. It is built up from values of inserted tags</w:t></w:r></w:p><w:p><w:pPr><w:rPr><w:lang w:val="EN-US"/></w:rPr></w:pPr><ns0:barcode><ns1:product item-id="59661"><ns1:value><w:r><w:rPr><w:lang w:val="EN-US"/></w:rPr><w:t>5.50</w:t></w:r></ns1:value><ns1:serial><w:r><w:rPr><w:lang w:val="EN-US"/></w:rPr><w:t>010</w:t></w:r></ns1:serial></ns1:product></ns0:barcode></w:p><w:tbl><w:tblPr><w:tblStyle w:val="a3"/><w:tblW w:w="0" w:type="auto"/><w:tblLook w:val="01E0"/></w:tblPr><w:tblGrid><w:gridCol w:w="2268"/><w:gridCol w:w="1672"/><w:gridCol w:w="720"/><w:gridCol w:w="2340"/><w:gridCol w:w="1645"/></w:tblGrid><w:tr><w:tc><w:tcPr><w:tcW w:w="3940" w:type="dxa"/><w:gridSpan w:val="2"/><w:tcBorders><w:bottom w:val="single" w:sz="4" wx:bdrwidth="10" w:space="0" w:color="auto"/></w:tcBorders></w:tcPr><w:p><w:pPr><w:jc w:val="center"/><w:rPr><w:lang w:val="EN-US"/></w:rPr></w:pPr><w:r><w:rPr><w:rFonts w:ascii="Arial" w:h-ansi="Arial" w:cs="Arial"/><wx:font wx:val="Arial"/><w:b/><w:lang w:val="EN-US"/></w:rPr><w:t>Greeen Valey Supermarket</w:t></w:r></w:p></w:tc><w:tc><w:tcPr><w:tcW w:w="720" w:type="dxa"/><w:tcBorders><w:top w:val="nil"/><w:bottom w:val="nil"/></w:tcBorders></w:tcPr><w:p><w:pPr><w:rPr><w:lang w:val="EN-US"/></w:rPr></w:pPr></w:p></w:tc><w:tc><w:tcPr><w:tcW w:w="3985" w:type="dxa"/><w:gridSpan w:val="2"/><w:tcBorders><w:bottom w:val="single" w:sz="4" wx:bdrwidth="10" w:space="0" w:color="auto"/></w:tcBorders></w:tcPr><w:p><w:pPr><w:jc w:val="center"/><w:rPr><w:lang w:val="EN-US"/></w:rPr></w:pPr><w:r><w:rPr><w:rFonts w:ascii="Arial" w:h-ansi="Arial" w:cs="Arial"/><wx:font wx:val="Arial"/><w:b/><w:lang w:val="EN-US"/></w:rPr><w:t>Greeen Valey Supermarket</w:t></w:r></w:p></w:tc></w:tr><w:tr><w:trPr><w:trHeight w:val="1179"/></w:trPr><w:tc><w:tcPr><w:tcW w:w="2268" w:type="dxa"/><w:tcBorders><w:top w:val="single" w:sz="4" wx:bdrwidth="10" w:space="0" w:color="auto"/><w:left w:val="single" w:sz="4" wx:bdrwidth="10" w:space="0" w:color="auto"/><w:bottom w:val="single" w:sz="4" wx:bdrwidth="10" w:space="0" w:color="auto"/><w:right w:val="nil"/></w:tcBorders><w:vAlign w:val="center"/></w:tcPr><w:p><w:pPr><w:rPr><w:lang w:val="EN-US"/></w:rPr></w:pPr><ns0:barcode><ns1:product item-id="59661"><ns1:value><w:r><w:rPr><w:lang w:val="EN-US"/></w:rPr><w:t>15.50</w:t></w:r></ns1:value><ns1:serial><w:r><w:rPr><w:lang w:val="EN-US"/></w:rPr><w:t>010</w:t></w:r></ns1:serial></ns1:product></ns0:barcode></w:p></w:tc><w:tc><w:tcPr><w:tcW w:w="1672" w:type="dxa"/><w:tcBorders><w:top w:val="single" w:sz="4" wx:bdrwidth="10" w:space="0" w:color="auto"/><w:left w:val="nil"/><w:bottom w:val="single" w:sz="4" wx:bdrwidth="10" w:space="0" w:color="auto"/><w:right w:val="single" w:sz="4" wx:bdrwidth="10" w:space="0" w:color="auto"/></w:tcBorders><w:vAlign w:val="center"/></w:tcPr><w:p><w:pPr><w:rPr><w:rFonts w:ascii="Arial" w:h-ansi="Arial" w:cs="Arial"/><wx:font wx:val="Arial"/><w:b/><w:lang w:val="EN-US"/></w:rPr></w:pPr><w:r><w:rPr><w:rFonts w:ascii="Arial" w:h-ansi="Arial" w:cs="Arial"/><wx:font wx:val="Arial"/><w:b/><w:lang w:val="EN-US"/></w:rPr><w:t>Red wine ‘Cabernet’</w:t></w:r></w:p><w:p><w:pPr><w:rPr><w:lang w:val="EN-US"/></w:rPr></w:pPr><w:r><w:rPr><w:rFonts w:ascii="Arial" w:h-ansi="Arial" w:cs="Arial"/><wx:font wx:val="Arial"/><w:b/><w:lang w:val="EN-US"/></w:rPr><w:t>15.50€</w:t></w:r></w:p></w:tc><w:tc><w:tcPr><w:tcW w:w="720" w:type="dxa"/><w:tcBorders><w:top w:val="nil"/><w:left w:val="single" w:sz="4" wx:bdrwidth="10" w:space="0" w:color="auto"/><w:bottom w:val="nil"/><w:right w:val="single" w:sz="4" wx:bdrwidth="10" w:space="0" w:color="auto"/></w:tcBorders><w:vAlign w:val="center"/></w:tcPr><w:p><w:pPr><w:rPr><w:lang w:val="EN-US"/></w:rPr></w:pPr></w:p></w:tc><w:tc><w:tcPr><w:tcW w:w="2340" w:type="dxa"/><w:tcBorders><w:top w:val="single" w:sz="4" wx:bdrwidth="10" w:space="0" w:color="auto"/><w:left w:val="single" w:sz="4" wx:bdrwidth="10" w:space="0" w:color="auto"/><w:bottom w:val="single" w:sz="4" wx:bdrwidth="10" w:space="0" w:color="auto"/><w:right w:val="nil"/></w:tcBorders><w:vAlign w:val="center"/></w:tcPr><w:p><w:pPr><w:rPr><w:lang w:val="EN-US"/></w:rPr></w:pPr><ns0:barcode><ns1:product item-id="59661"><ns1:value><w:r><w:rPr><w:lang w:val="EN-US"/></w:rPr><w:t>19.50</w:t></w:r></ns1:value><ns1:serial><w:r><w:rPr><w:lang w:val="EN-US"/></w:rPr><w:t>011</w:t></w:r></ns1:serial></ns1:product></ns0:barcode></w:p></w:tc><w:tc><w:tcPr><w:tcW w:w="1645" w:type="dxa"/><w:tcBorders><w:top w:val="single" w:sz="4" wx:bdrwidth="10" w:space="0" w:color="auto"/><w:left w:val="nil"/><w:bottom w:val="single" w:sz="4" wx:bdrwidth="10" w:space="0" w:color="auto"/><w:right w:val="single" w:sz="4" wx:bdrwidth="10" w:space="0" w:color="auto"/></w:tcBorders><w:vAlign w:val="center"/></w:tcPr><w:p><w:pPr><w:rPr><w:rFonts w:ascii="Arial" w:h-ansi="Arial" w:cs="Arial"/><wx:font wx:val="Arial"/><w:b/><w:lang w:val="EN-US"/></w:rPr></w:pPr><w:r><w:rPr><w:rFonts w:ascii="Arial" w:h-ansi="Arial" w:cs="Arial"/><wx:font wx:val="Arial"/><w:b/><w:lang w:val="EN-US"/></w:rPr><w:t>White wine ‘Sauvignon’</w:t></w:r></w:p><w:p><w:pPr><w:rPr><w:lang w:val="EN-US"/></w:rPr></w:pPr><w:r><w:rPr><w:rFonts w:ascii="Arial" w:h-ansi="Arial" w:cs="Arial"/><wx:font wx:val="Arial"/><w:b/><w:lang w:val="EN-US"/></w:rPr><w:t>19.50€</w:t></w:r></w:p></w:tc></w:tr></w:tbl><w:p><w:pPr><w:rPr><w:lang w:val="EN-US"/></w:rPr></w:pPr></w:p></wx:sub-section><wx:sub-section><w:p><w:pPr><w:pStyle w:val="2"/><w:rPr><w:lang w:val="EN-US"/></w:rPr></w:pPr><w:r><w:rPr><w:lang w:val="EN-US"/></w:rPr><w:t>Values for inserted barcodes are not specified. They are read from another portion of data by stylesheet templates</w:t></w:r></w:p><w:p><w:pPr><w:rPr><w:lang w:val="EN-US"/></w:rPr></w:pPr><ns0:barcode><ns1:product item-id="59661"><ns1:value/><ns1:serial/></ns1:product></ns0:barcode></w:p><w:p><w:pPr><w:rPr><w:lang w:val="EN-US"/></w:rPr></w:pPr></w:p><w:tbl><w:tblPr><w:tblStyle w:val="a3"/><w:tblW w:w="0" w:type="auto"/><w:tblLook w:val="01E0"/></w:tblPr><w:tblGrid><w:gridCol w:w="2268"/><w:gridCol w:w="1672"/><w:gridCol w:w="720"/><w:gridCol w:w="2340"/><w:gridCol w:w="1645"/></w:tblGrid><w:tr><w:tc><w:tcPr><w:tcW w:w="3940" w:type="dxa"/><w:gridSpan w:val="2"/><w:tcBorders><w:bottom w:val="single" w:sz="4" wx:bdrwidth="10" w:space="0" w:color="auto"/></w:tcBorders></w:tcPr><w:p><w:pPr><w:jc w:val="center"/><w:rPr><w:lang w:val="EN-US"/></w:rPr></w:pPr><w:r><w:rPr><w:rFonts w:ascii="Arial" w:h-ansi="Arial" w:cs="Arial"/><wx:font wx:val="Arial"/><w:b/><w:lang w:val="EN-US"/></w:rPr><w:t>Greeen Valey Supermarket</w:t></w:r></w:p></w:tc><w:tc><w:tcPr><w:tcW w:w="720" w:type="dxa"/><w:tcBorders><w:top w:val="nil"/><w:bottom w:val="nil"/></w:tcBorders></w:tcPr><w:p><w:pPr><w:rPr><w:lang w:val="EN-US"/></w:rPr></w:pPr></w:p></w:tc><w:tc><w:tcPr><w:tcW w:w="3985" w:type="dxa"/><w:gridSpan w:val="2"/><w:tcBorders><w:bottom w:val="single" w:sz="4" wx:bdrwidth="10" w:space="0" w:color="auto"/></w:tcBorders></w:tcPr><w:p><w:pPr><w:jc w:val="center"/><w:rPr><w:lang w:val="EN-US"/></w:rPr></w:pPr><w:r><w:rPr><w:rFonts w:ascii="Arial" w:h-ansi="Arial" w:cs="Arial"/><wx:font wx:val="Arial"/><w:b/><w:lang w:val="EN-US"/></w:rPr><w:t>Greeen Valey Supermarket</w:t></w:r></w:p></w:tc></w:tr><w:tr><w:trPr><w:trHeight w:val="1179"/></w:trPr><w:tc><w:tcPr><w:tcW w:w="2268" w:type="dxa"/><w:tcBorders><w:top w:val="single" w:sz="4" wx:bdrwidth="10" w:space="0" w:color="auto"/><w:left w:val="single" w:sz="4" wx:bdrwidth="10" w:space="0" w:color="auto"/><w:bottom w:val="single" w:sz="4" wx:bdrwidth="10" w:space="0" w:color="auto"/><w:right w:val="nil"/></w:tcBorders><w:vAlign w:val="center"/></w:tcPr><w:p><w:pPr><w:rPr><w:lang w:val="EN-US"/></w:rPr></w:pPr><ns0:barcode><ns1:product item-id="59661"><ns1:value/><ns1:serial/></ns1:product></ns0:barcode></w:p></w:tc><w:tc><w:tcPr><w:tcW w:w="1672" w:type="dxa"/><w:tcBorders><w:top w:val="single" w:sz="4" wx:bdrwidth="10" w:space="0" w:color="auto"/><w:left w:val="nil"/><w:bottom w:val="single" w:sz="4" wx:bdrwidth="10" w:space="0" w:color="auto"/><w:right w:val="single" w:sz="4" wx:bdrwidth="10" w:space="0" w:color="auto"/></w:tcBorders><w:vAlign w:val="center"/></w:tcPr><w:p><w:pPr><w:rPr><w:rFonts w:ascii="Arial" w:h-ansi="Arial" w:cs="Arial"/><wx:font wx:val="Arial"/><w:b/><w:lang w:val="EN-US"/></w:rPr></w:pPr><w:r><w:rPr><w:rFonts w:ascii="Arial" w:h-ansi="Arial" w:cs="Arial"/><wx:font wx:val="Arial"/><w:b/><w:lang w:val="EN-US"/></w:rPr><w:t>Red wine ‘Cabernet’</w:t></w:r></w:p><w:p><w:pPr><w:rPr><w:lang w:val="EN-US"/></w:rPr></w:pPr><w:r><w:rPr><w:rFonts w:ascii="Arial" w:h-ansi="Arial" w:cs="Arial"/><wx:font wx:val="Arial"/><w:b/><w:lang w:val="EN-US"/></w:rPr><w:t>15.50€</w:t></w:r></w:p></w:tc><w:tc><w:tcPr><w:tcW w:w="720" w:type="dxa"/><w:tcBorders><w:top w:val="nil"/><w:left w:val="single" w:sz="4" wx:bdrwidth="10" w:space="0" w:color="auto"/><w:bottom w:val="nil"/><w:right w:val="single" w:sz="4" wx:bdrwidth="10" w:space="0" w:color="auto"/></w:tcBorders><w:vAlign w:val="center"/></w:tcPr><w:p><w:pPr><w:rPr><w:lang w:val="EN-US"/></w:rPr></w:pPr></w:p></w:tc><w:tc><w:tcPr><w:tcW w:w="2340" w:type="dxa"/><w:tcBorders><w:top w:val="single" w:sz="4" wx:bdrwidth="10" w:space="0" w:color="auto"/><w:left w:val="single" w:sz="4" wx:bdrwidth="10" w:space="0" w:color="auto"/><w:bottom w:val="single" w:sz="4" wx:bdrwidth="10" w:space="0" w:color="auto"/><w:right w:val="nil"/></w:tcBorders><w:vAlign w:val="center"/></w:tcPr><w:p><w:pPr><w:rPr><w:lang w:val="EN-US"/></w:rPr></w:pPr><ns0:barcode><ns1:product item-id="59661"><ns1:value/><ns1:serial/></ns1:product></ns0:barcode></w:p></w:tc><w:tc><w:tcPr><w:tcW w:w="1645" w:type="dxa"/><w:tcBorders><w:top w:val="single" w:sz="4" wx:bdrwidth="10" w:space="0" w:color="auto"/><w:left w:val="nil"/><w:bottom w:val="single" w:sz="4" wx:bdrwidth="10" w:space="0" w:color="auto"/><w:right w:val="single" w:sz="4" wx:bdrwidth="10" w:space="0" w:color="auto"/></w:tcBorders><w:vAlign w:val="center"/></w:tcPr><w:p><w:pPr><w:rPr><w:rFonts w:ascii="Arial" w:h-ansi="Arial" w:cs="Arial"/><wx:font wx:val="Arial"/><w:b/><w:lang w:val="EN-US"/></w:rPr></w:pPr><w:r><w:rPr><w:rFonts w:ascii="Arial" w:h-ansi="Arial" w:cs="Arial"/><wx:font wx:val="Arial"/><w:b/><w:lang w:val="EN-US"/></w:rPr><w:t>White wine ‘Sauvignon’</w:t></w:r></w:p><w:p><w:pPr><w:rPr><w:lang w:val="EN-US"/></w:rPr></w:pPr><w:r><w:rPr><w:rFonts w:ascii="Arial" w:h-ansi="Arial" w:cs="Arial"/><wx:font wx:val="Arial"/><w:b/><w:lang w:val="EN-US"/></w:rPr><w:t>19.50€</w:t></w:r></w:p></w:tc></w:tr></w:tbl><w:p><w:pPr><w:rPr><w:lang w:val="EN-US"/></w:rPr></w:pPr></w:p></wx:sub-section></wx:sub-section><wx:sub-section><w:p><w:pPr><w:pStyle w:val="1"/><w:rPr><w:lang w:val="EN-US"/></w:rPr></w:pPr><w:r><w:rPr><w:lang w:val="EN-US"/></w:rPr><w:br w:type="page"/><w:t>Data section for dynamic building the value of third group of barcodes</w:t></w:r></w:p><ns2:storage><w:p><w:pPr><w:rPr><w:lang w:val="EN-US"/></w:rPr></w:pPr></w:p><ns2:products><w:p><w:pPr><w:rPr><w:lang w:val="EN-US"/></w:rPr></w:pPr></w:p><ns2:product-info id="001"><w:p><w:pPr><w:rPr><w:lang w:val="EN-US"/></w:rPr></w:pPr><ns2:name><w:r><w:rPr><w:lang w:val="EN-US"/></w:rPr><w:t>Red wine ‘Cabernet’</w:t></w:r></ns2:name><ns2:item-cost><w:r><w:rPr><w:lang w:val="EN-US"/></w:rPr><w:t>15.50</w:t></w:r></ns2:item-cost><ns2:weight><w:r><w:rPr><w:lang w:val="EN-US"/></w:rPr><w:t>0.8</w:t></w:r></ns2:weight></w:p></ns2:product-info><ns2:product-info id="002"><w:p><w:pPr><w:rPr><w:lang w:val="EN-US"/></w:rPr></w:pPr><ns2:name><w:r><w:rPr><w:lang w:val="EN-US"/></w:rPr><w:t>White wine ‘Sauvignon’</w:t></w:r></ns2:name><ns2:item-cost><w:r><w:rPr><w:lang w:val="EN-US"/></w:rPr><w:t>19.50</w:t></w:r></ns2:item-cost><ns2:weight><w:r><w:rPr><w:lang w:val="EN-US"/></w:rPr><w:t>0.8</w:t></w:r></ns2:weight></w:p></ns2:product-info><ns2:product-info id="003"><w:p><w:pPr><w:rPr><w:lang w:val="EN-US"/></w:rPr></w:pPr><ns2:name><w:r><w:rPr><w:lang w:val="EN-US"/></w:rPr><w:t>Heavy duty detergent ‘Hammer’</w:t></w:r></ns2:name><ns2:item-cost><w:r><w:rPr><w:lang w:val="EN-US"/></w:rPr><w:t>14.99</w:t></w:r></ns2:item-cost><ns2:weight><w:r><w:rPr><w:lang w:val="EN-US"/></w:rPr><w:t>3</w:t></w:r></ns2:weight></w:p></ns2:product-info><w:p><w:pPr><w:rPr><w:lang w:val="EN-US"/></w:rPr></w:pPr></w:p></ns2:products><ns2:deliveries><w:p><w:pPr><w:rPr><w:lang w:val="EN-US"/></w:rPr></w:pPr></w:p><ns2:delivery date="2006-03-10" serial="010"><w:p><w:pPr><w:rPr><w:lang w:val="EN-US"/></w:rPr></w:pPr><ns2:product id="002" quantity="12"/><ns2:product id="001" quantity="12"/><ns2:product id="003" quantity="24"/></w:p></ns2:delivery><ns2:delivery date="2006-03-14" serial="012"><w:p><w:pPr><w:rPr><w:lang w:val="EN-US"/></w:rPr></w:pPr><ns2:product id="003" quantity="12"/></w:p></ns2:delivery></ns2:deliveries><w:p><w:pPr><w:rPr><w:lang w:val="EN-US"/></w:rPr></w:pPr><ns2:on-hand><ns2:item item-id="59661" product-id="001" quantity="10" serial="010"/><ns2:item item-id="59662" product-id="002" quantity="7" serial="012"/></ns2:on-hand></w:p><w:p><w:pPr><w:rPr><w:lang w:val="EN-US"/></w:rPr></w:pPr></w:p></ns2:storage><w:sectPr><w:pgSz w:w="11906" w:h="16838"/><w:pgMar w:top="1438" w:right="851" w:bottom="1438" w:left="1418" w:header="709" w:footer="709" w:gutter="0"/><w:cols w:space="708"/><w:docGrid w:line-pitch="360"/></w:sectPr></wx:sub-section></wx:sect></w:body></w:wordDocument>